dateCrawled,name,seller,offerType,price,abtest,vehicleType,yearOfRegistration,gearbox,powerPS,model,kilometer,monthOfRegistration,fuelType,brand,notRepairedDamage,dateCreated,nrOfPictures,postalCode,lastSeen
2016-03-24 10:58:45,A5_Sportback_2.7_Tdi,privat,Angebot,18300,test,coupe,2011,manuell,190,,125000,5,diesel,audi,ja,2016-03-24 00:00:00,0,66954,2016-04-07 01:46:50
2016-03-25 19:44:06,Audi_A8_3.0_TDI_quattro,privat,Angebot,7499,test,limousine,2004,automatik,232,a8,150000,3,diesel,audi,ja,2016-03-25 00:00:00,0,71711,2016-04-07 01:44:24
2016-03-23 11:53:21,A4_Diesel_Leder_Top___NAVI,privat,Angebot,2400,test,limousine,2003,manuell,0,a4,150000,9,diesel,audi,,2016-03-23 00:00:00,0,40210,2016-03-23 11:53:21
2016-03-10 11:44:54,Audi_A1_1.2_TFSI_S_Line,privat,Angebot,14500,test,kleinwagen,2013,manuell,86,a1,60000,4,benzin,audi,nein,2016-03-10 00:00:00,0,31582,2016-04-07 01:15:35
2016-03-15 17:41:31,Audi_A4_B5_1_6_Liter,privat,Angebot,499,control,limousine,1995,manuell,101,a4,150000,5,benzin,audi,,2016-03-15 00:00:00,0,85414,2016-03-22 20:48:22
2016-04-01 09:54:39,Audi_a4_2.5_TDI_Tausch_moeglich,privat,Angebot,6500,test,limousine,2004,manuell,163,a4,150000,4,diesel,audi,,2016-04-01 00:00:00,0,97450,2016-04-01 09:54:39
2016-04-02 12:54:14,Audi_TT_Coupe_1.8_T_quattro,privat,Angebot,3399,test,coupe,1999,manuell,224,tt,150000,9,benzin,audi,ja,2016-04-02 00:00:00,0,61276,2016-04-05 19:44:33
2016-03-14 20:37:41,Audi_A6_2_5_TDi_Quattro_Avant_Automatic__Turbo__Kombi__132_KW__2_,privat,Angebot,5900,control,kombi,2005,automatik,178,a6,150000,1,diesel,audi,nein,2016-03-14 00:00:00,0,88131,2016-04-06 07:17:00
2016-04-01 22:55:34,Audi_Cabriolet_Typ_89_2.0L,privat,Angebot,4800,test,cabrio,1996,manuell,116,80,150000,6,benzin,audi,nein,2016-04-01 00:00:00,0,38300,2016-04-05 23:46:14
2016-03-27 20:51:23,Audi_80_5_Zylinder_b4_liebhaberfahrzeug,privat,Angebot,1450,control,limousine,1992,manuell,136,,150000,0,,audi,nein,2016-03-27 00:00:00,0,38709,2016-04-05 20:17:31
2016-03-14 12:46:46,Audi_A4_b5_Avant_TÜV_10/17,privat,Angebot,1500,test,kombi,1996,manuell,126,a4,150000,0,,audi,nein,2016-03-14 00:00:00,0,24873,2016-03-17 00:45:29
2016-03-06 21:38:00,Audi_100_c3_typ_44_bj_1985_quattro_krarosse_mit_achsen,privat,Angebot,150,control,,1985,,0,100,150000,4,benzin,audi,,2016-03-06 00:00:00,0,87616,2016-04-07 02:16:59
2016-03-29 07:56:29,Audi_A6_Avant_2_5tdi*Navi*Automatik*Euro4*,privat,Angebot,4000,test,kombi,2003,automatik,163,a6,150000,6,diesel,audi,nein,2016-03-29 00:00:00,0,22525,2016-03-31 01:47:16
2016-03-28 17:39:50,Audi_A4___1_8_TFSI___Xenon___Scheckheft___51_tkm___TOP_Zustand,privat,Angebot,14300,test,limousine,2011,manuell,120,a4,60000,5,benzin,audi,nein,2016-03-28 00:00:00,0,59494,2016-04-06 23:15:52
2016-03-10 18:45:59,Audi_A6_Avant_2.5_TDI_quattro_S_line,privat,Angebot,3700,test,kombi,2003,automatik,179,a6,150000,11,nan,audi,nein,2016-03-10 00:00:00,0,64846,2016-03-13 00:16:56
2016-03-30 22:51:56,Audi_80_1.8_in_tadellosem_Zustand._Erst_71.000_km!,privat,Angebot,2790,control,limousine,1992,manuell,90,80,80000,3,benzin,audi,nein,2016-03-30 00:00:00,0,01219,2016-04-05 15:46:38
2016-03-08 09:56:53,A3_2.0_TDI_Sportback_DPF_quattro,privat,Angebot,3200,control,kombi,2006,,0,a3,150000,11,diesel,audi,nein,2016-03-08 00:00:00,0,41748,2016-03-08 09:56:53
2016-04-01 18:45:45,Audi_A6_Avant_2.7_TDI_DPF_multitronic,privat,Angebot,12999,control,kombi,2008,automatik,179,a6,150000,8,diesel,audi,nein,2016-04-01 00:00:00,0,25551,2016-04-05 14:18:28
"2016-03-27 23:48:09,Audi_A3_2.0_TDI_Sportback_DPF_S_tronic_Navi_Xenon_19"",privat,Angebot,12899,test,kombi,2009,automatik,140,a3,150000,9,diesel,audi,nein,2016-03-27 00:00:00,0,51109,2016-04-06 02:15:20"
2016-03-21 15:43:25,Audi_A3_1.8_Ambiente,privat,Angebot,1250,control,limousine,1996,manuell,125,a3,150000,9,benzin,audi,nein,2016-03-21 00:00:00,0,63811,2016-03-30 01:18:23
2016-03-16 15:47:36,A6_Avant_Quattro,privat,Angebot,1000,test,kombi,1999,manuell,165,a6,150000,0,,audi,,2016-03-16 00:00:00,0,50181,2016-04-06 17:46:17
2016-03-26 20:57:26,Audi_A4_Avant_2.0_TDI_Attraction_150PS_Xenon+_Navi+,privat,Angebot,22290,control,kombi,2013,manuell,150,a4,50000,8,diesel,audi,nein,2016-03-26 00:00:00,0,84048,2016-04-06 11:45:22
2016-04-03 11:59:39,Audi_A6_2.0_TDI_DPF_multitronic,privat,Angebot,9800,control,limousine,2008,automatik,140,a6,150000,10,diesel,audi,nein,2016-04-03 00:00:00,0,48249,2016-04-03 11:59:39
2016-03-06 09:48:11,Audi_A1_1.6_TDI_Attraction,privat,Angebot,10800,control,kleinwagen,2010,manuell,105,a1,125000,12,diesel,audi,nein,2016-03-06 00:00:00,0,24537,2016-03-09 22:18:06
2016-04-04 23:48:59,Audi_A6_3.0_TDI_competition_S_Line_LED_BOSE,privat,Angebot,56900,control,limousine,2015,automatik,326,a6,5000,7,diesel,audi,nein,2016-04-04 00:00:00,0,45525,2016-04-07 04:16:57
2016-03-12 07:26:49,Tausche_Youngtimer_Audi_80_mit_knapp_62000_km,privat,Angebot,1,test,limousine,1990,manuell,90,80,70000,6,benzin,audi,nein,2016-03-11 00:00:00,0,55122,2016-03-26 23:15:49
2016-03-29 23:38:02,Audi_80_coupe_top_gepflegt_2_0,privat,Angebot,1500,control,coupe,1994,manuell,116,,150000,8,,audi,nein,2016-03-29 00:00:00,0,32791,2016-04-06 20:16:34
2016-03-07 06:14:28,Audi_1.Hand_Navi_Leder_Xenon,privat,Angebot,3000,test,coupe,2000,manuell,179,tt,150000,2,benzin,audi,nein,2016-03-05 00:00:00,0,55120,2016-03-08 10:18:07
2016-03-24 14:56:28,Audi_a3_8l,privat,Angebot,800,test,coupe,1997,manuell,125,a3,150000,0,benzin,audi,ja,2016-03-24 00:00:00,0,64739,2016-03-29 00:44:57
2016-03-19 10:54:59,Audi_A4_Cabriolet_3.0,privat,Angebot,5299,test,cabrio,2002,manuell,220,a4,150000,4,benzin,audi,nein,2016-03-19 00:00:00,0,80999,2016-04-02 14:46:07
2016-04-01 19:54:05,Audi_A3_2.0_TDI_Sportback_DPF,privat,Angebot,7950,control,limousine,2008,manuell,140,a3,150000,10,diesel,audi,nein,2016-04-01 00:00:00,0,26419,2016-04-01 19:54:05
2016-04-03 15:49:38,Audi_A6_4B_4_2_V8,privat,Angebot,6250,test,limousine,2003,,299,a6,150000,3,benzin,audi,,2016-04-03 00:00:00,0,49733,2016-04-05 15:16:12
2016-04-04 10:53:57,Audi_A6_Avant_2.5_TDI_TÜV_10.2017,privat,Angebot,3250,control,kombi,2003,manuell,163,a6,150000,4,diesel,audi,nein,2016-04-04 00:00:00,0,40789,2016-04-06 12:17:40
2016-03-16 03:03:22,Audi_A6_Avant_2.5_TDI_GRÜNE_Plakette_VOLL,privat,Angebot,3999,test,kombi,2004,automatik,163,a6,150000,3,diesel,audi,nein,2016-03-16 00:00:00,0,18442,2016-04-05 23:16:34
2016-03-20 23:45:11,Audi_A4_1.8,privat,Angebot,2700,control,limousine,1999,manuell,125,a4,125000,7,benzin,audi,nein,2016-03-20 00:00:00,0,57072,2016-04-07 09:45:41
2016-03-24 18:55:31,Audi_A4_Avant_1_8_Lichtpaket__Benzin__MMI__Xenon__Leder,privat,Angebot,11000,test,kombi,2010,automatik,0,a4,150000,1,benzin,audi,nein,2016-03-24 00:00:00,0,24837,2016-04-07 13:15:53
2016-04-01 22:51:18,Audi_A4_1.8_T_quattro,privat,Angebot,8500,test,limousine,2003,manuell,300,a4,150000,3,benzin,audi,nein,2016-04-01 00:00:00,0,18573,2016-04-05 21:45:11
2016-04-04 02:02:24,Audi_A6Mit_AHK,privat,Angebot,4300,control,kombi,2003,automatik,179,a6,150000,5,,audi,,2016-04-04 00:00:00,0,21149,2016-04-06 08:45:28
2016-03-30 07:54:22,Audi_A3,privat,Angebot,29980,control,limousine,2013,manuell,150,a3,50000,9,diesel,audi,nein,2016-03-30 00:00:00,0,59846,2016-04-06 23:46:17
2016-03-19 18:38:15,Top_gepflegter_Audi_A6_Avant_S_Line_2.0_TDI_/_AHK_Standheizung,privat,Angebot,14500,test,kombi,2007,manuell,140,a6,100000,3,diesel,audi,nein,2016-03-19 00:00:00,0,94060,2016-04-07 05:17:33
2016-03-12 12:06:22,Audi_A2_1.4__TÜV+_Zahnriemen_NEU,privat,Angebot,4199,control,kleinwagen,2002,manuell,75,a2,150000,1,benzin,audi,nein,2016-03-12 00:00:00,0,56235,2016-04-06 17:16:45
2016-03-05 14:06:49,Audi_A5_Cabrio_1.8_TFSI,privat,Angebot,21950,test,cabrio,2010,manuell,160,a5,90000,5,benzin,audi,nein,2016-03-05 00:00:00,0,65474,2016-03-06 11:08:40
2016-03-17 18:52:52,Audi_A3_1.8_TFSI_Ambition_S_Line_Xenon,privat,Angebot,14500,control,limousine,2009,manuell,160,a3,70000,3,benzin,audi,,2016-03-17 00:00:00,0,73525,2016-04-07 06:16:47
2016-03-20 12:06:18,Audi_A4_Avant_2.0_TDI_DPF_Ambiente,privat,Angebot,10550,test,kombi,2008,manuell,143,a4,125000,9,diesel,audi,nein,2016-03-20 00:00:00,0,65549,2016-03-27 00:46:19
2016-04-05 00:55:53,Audi_A6_2.0_TFSI,privat,Angebot,11500,control,limousine,2010,manuell,170,a6,150000,1,benzin,audi,nein,2016-04-05 00:00:00,0,04275,2016-04-07 11:15:55
2016-03-21 12:56:08,Audi_A5_Cabrio_3.0_TDI_DPF_quattro_S_tronic,privat,Angebot,20500,control,cabrio,2009,automatik,239,a5,150000,4,diesel,audi,nein,2016-03-21 00:00:00,0,83735,2016-04-06 07:45:39
2016-03-24 17:49:19,Unfallwagen/Totalschaden,privat,Angebot,0,control,,2000,manuell,0,,150000,0,,audi,ja,2016-03-24 00:00:00,0,72514,2016-03-29 03:45:06
2016-03-23 10:54:49,Audi_TT_Coupe_1.8_T,privat,Angebot,5300,control,coupe,1999,manuell,179,tt,125000,3,benzin,audi,nein,2016-03-23 00:00:00,0,55450,2016-04-07 11:16:02
2016-03-26 13:38:11,Audi_A3_2.0_TDI__Pano,privat,Angebot,7900,control,limousine,2009,manuell,170,a3,150000,6,diesel,audi,nein,2016-03-26 00:00:00,0,32839,2016-03-29 15:45:12
2016-03-23 15:42:44,Audi_A7_3.0_TDI_multitronic_V6,privat,Angebot,27500,test,coupe,2010,automatik,204,andere,100000,11,diesel,audi,nein,2016-03-23 00:00:00,0,49406,2016-03-23 15:42:44
2016-03-08 19:48:28,Audi_A4_Avant_2.0_TDI_DPF,privat,Angebot,6500,test,kombi,2007,manuell,170,a4,150000,12,diesel,audi,ja,2016-03-08 00:00:00,0,72186,2016-04-05 15:17:49
2016-03-19 19:46:25,Audi_S5_Exclusive___TipTronic_4.2L_V8_Quattro_Coupe_+,privat,Angebot,30900,control,coupe,2011,automatik,354,a5,60000,11,benzin,audi,nein,2016-03-19 00:00:00,0,30159,2016-04-07 07:17:35
2016-03-22 12:52:55,Audi_Q5_3.0_TDI_quattro_S_tronic,privat,Angebot,28900,control,limousine,2010,automatik,239,q5,125000,10,diesel,audi,nein,2016-03-22 00:00:00,0,89180,2016-04-06 01:44:23
2016-04-04 11:06:24,Audi_A3_2.0_TDI_Sportback_DPF_Ambition,privat,Angebot,10490,control,kombi,2010,manuell,140,a3,150000,12,diesel,audi,nein,2016-04-04 00:00:00,0,65343,2016-04-05 12:13:38
2016-03-08 16:53:28,Audi_A4_allroad_quattro_3.0_TDI_DPF_S_tronic,privat,Angebot,28499,test,kombi,2011,automatik,239,a4,90000,9,diesel,audi,nein,2016-03-08 00:00:00,0,04416,2016-03-11 11:46:33
2016-03-26 08:53:33,Audi_A3_2.0_TDI_Sportback_DPF_quattro_S_line_Spor...,privat,Angebot,11800,test,kombi,2006,manuell,170,a3,150000,7,diesel,audi,nein,2016-03-26 00:00:00,0,82541,2016-04-05 21:17:27
2016-03-08 07:56:35,Audi_TT_1_8T_Klima_Leder_Bose_kompl._repariert_bitte_lesen_!!!,privat,Angebot,4999,test,coupe,1999,manuell,180,tt,150000,1,benzin,audi,nein,2016-03-08 00:00:00,0,12307,2016-04-06 08:46:01
2016-04-01 18:53:49,A4_S_LINE__XENON_NAVI,privat,Angebot,3200,control,kleinwagen,2005,,0,a4,150000,0,diesel,audi,,2016-04-01 00:00:00,0,60314,2016-04-01 18:53:49
2016-03-29 18:48:00,Audi_A5_3.0_TDI_Sportback,privat,Angebot,16299,control,limousine,2010,automatik,239,a5,150000,6,diesel,audi,,2016-03-29 00:00:00,0,82278,2016-04-06 04:45:41
2016-03-12 11:55:53,Audi_A4_Avant_2.7_TDI_DPF_S_line_Sportpaket__plus_,privat,Angebot,13800,test,kombi,2008,manuell,190,a4,150000,10,diesel,audi,nein,2016-03-12 00:00:00,0,54317,2016-04-06 05:45:18
2016-03-14 08:51:58,Audi_A8/S8_3.7_quattro_Automatikgetriebe_/_Zahnriemen,privat,Angebot,11800,test,limousine,2001,automatik,260,a8,150000,9,benzin,audi,nein,2016-03-14 00:00:00,0,25926,2016-04-07 08:16:16
2016-03-31 23:54:31,Audi_A4_2.7_TDI_DPF_multitronic,privat,Angebot,11900,control,limousine,2007,automatik,179,a4,150000,7,diesel,audi,nein,2016-03-31 00:00:00,0,83700,2016-04-07 04:16:25
2016-03-22 21:50:36,Audi_A3_2.0_TDI_Sportback_Ambiente,privat,Angebot,4499,control,limousine,2005,manuell,140,a3,150000,11,diesel,audi,nein,2016-03-22 00:00:00,0,52066,2016-04-06 17:15:54
2016-03-14 14:46:07,Audi_A4_Avant_1.8_TFSI,privat,Angebot,14750,control,kombi,2009,manuell,160,a4,90000,2,benzin,audi,nein,2016-03-14 00:00:00,0,91361,2016-03-18 01:45:22
2016-03-27 22:52:02,Audi_A8_d2_4_2Ltr_Quattro,privat,Angebot,2200,test,limousine,1995,automatik,299,,150000,5,,audi,ja,2016-03-27 00:00:00,0,74182,2016-04-05 23:47:17
2016-03-30 21:46:21,Audi_A4_Avant_2.8_Quattro,privat,Angebot,1849,test,kombi,1997,manuell,193,a4,150000,1,benzin,audi,,2016-03-30 00:00:00,0,91301,2016-04-05 11:50:23
2016-03-23 11:50:35,Audi_A2_1_4_TDI,privat,Angebot,2500,test,limousine,2001,manuell,0,a2,150000,1,diesel,audi,,2016-03-23 00:00:00,0,24329,2016-03-29 04:47:32
2016-03-28 19:51:36,Audi_A4_3.0_tdi_Quattro,privat,Angebot,9500,control,kombi,2005,manuell,265,a4,150000,2,diesel,audi,nein,2016-03-28 00:00:00,0,30900,2016-04-07 02:17:44
2016-03-11 18:00:15,1.8T_TÜV_Klima,privat,Angebot,1100,control,,2017,,0,a3,150000,5,,audi,,2016-03-11 00:00:00,0,75382,2016-03-12 08:16:02
2016-04-01 23:56:33,Audi_A6_Avant_3.0_TDI_DPF_quattro_tiptronic,privat,Angebot,24999,control,kombi,2011,automatik,239,a6,80000,2,diesel,audi,nein,2016-04-01 00:00:00,0,67435,2016-04-06 04:16:23
2016-03-10 22:53:58,Audi_A4_Avant_1.8_T,privat,Angebot,2350,control,kombi,1999,manuell,150,a4,150000,12,benzin,audi,nein,2016-03-10 00:00:00,0,56841,2016-03-17 05:17:28
2016-03-08 16:42:59,Audi_A3_2.0_TDI_DPF_Ambition,privat,Angebot,12800,test,limousine,2010,manuell,140,a3,80000,1,diesel,audi,nein,2016-03-08 00:00:00,0,34596,2016-03-11 11:15:54
2016-03-20 11:53:15,Audi_A4_1_8_Turbo_163PS,privat,Angebot,5500,test,limousine,2003,automatik,163,a4,150000,11,benzin,audi,nein,2016-03-20 00:00:00,0,97450,2016-03-26 20:16:52
2016-03-28 10:54:49,Audi_A1_Ambition_1.2_TFSI,privat,Angebot,13900,control,kleinwagen,2013,manuell,86,a1,30000,9,benzin,audi,nein,2016-03-28 00:00:00,0,07545,2016-04-06 12:45:24
2016-03-14 18:30:47,Audi_A4_2.8,privat,Angebot,2000,control,limousine,1997,manuell,193,a4,150000,2,lpg,audi,nein,2016-03-14 00:00:00,0,65474,2016-03-28 08:46:19
2016-04-01 19:47:11,Audi_TT_Coupe_1.8_T_quattro__268_Ps,privat,Angebot,5600,control,coupe,2000,manuell,224,tt,150000,12,benzin,audi,nein,2016-04-01 00:00:00,0,59379,2016-04-05 16:44:39
2016-03-25 08:37:02,Audi_A4_2.7_TDI_DPF_multitronic_S_line_Sportpaket...,privat,Angebot,12990,control,limousine,2007,automatik,190,a4,150000,12,diesel,audi,nein,2016-03-25 00:00:00,0,27578,2016-04-06 08:17:51
2016-03-19 15:54:15,Audi_A3_2.0_TFSI_quattro_Sportback_Ambition,privat,Angebot,7990,control,kombi,2005,manuell,200,a3,150000,8,benzin,audi,nein,2016-03-19 00:00:00,0,86706,2016-04-07 00:46:40
2016-03-26 19:51:33,Audi_A3,privat,Angebot,9000,control,limousine,2008,manuell,140,a3,150000,5,diesel,audi,nein,2016-03-26 00:00:00,0,35260,2016-04-06 09:47:00
2016-03-25 18:46:10,Audi_A6_Avant_2.5_TDI,privat,Angebot,2500,test,kombi,1999,automatik,150,a6,150000,7,diesel,audi,nein,2016-03-25 00:00:00,0,58644,2016-04-07 00:17:07
2016-03-11 12:52:36,A2_1.4_TDI_TOP,privat,Angebot,2200,test,limousine,2003,,0,a2,150000,11,diesel,audi,nein,2016-03-11 00:00:00,0,52393,2016-03-11 12:52:36
2016-03-18 01:57:22,Audi_S4_Avant_2.7_quattro,privat,Angebot,12800,control,kombi,1999,manuell,265,andere,100000,3,benzin,audi,nein,2016-03-18 00:00:00,0,14979,2016-04-05 21:18:35
2016-03-25 11:50:46,Audi_A4_Cabriolet_2.4,privat,Angebot,7450,test,cabrio,2003,automatik,170,a4,150000,3,benzin,audi,nein,2016-03-25 00:00:00,0,76756,2016-04-06 12:44:54
2016-04-02 16:49:46,Audi_A4_1.8_T_AHK__Xenon__Navi__gepflegt!,privat,Angebot,9450,control,limousine,2005,manuell,163,a4,125000,3,benzin,audi,nein,2016-04-02 00:00:00,0,26676,2016-04-06 16:15:44
2016-03-15 09:37:25,Audi_A5_3.0_TDI_Sportback_quattro_DPF_S_tronic,privat,Angebot,21500,control,coupe,2009,automatik,239,a5,150000,12,diesel,audi,nein,2016-03-15 00:00:00,0,47269,2016-04-05 19:17:05
2016-03-09 08:53:31,Audi_a6_2.0_170_PS_2009_Unfall,privat,Angebot,0,test,kombi,2009,manuell,170,a6,150000,1,diesel,audi,ja,2016-03-09 00:00:00,0,79822,2016-03-09 10:40:29
2016-03-25 16:50:13,Audi_A3,privat,Angebot,5600,control,kombi,2007,manuell,143,a3,150000,10,diesel,audi,ja,2016-03-25 00:00:00,0,51688,2016-03-25 16:50:13
2016-03-24 15:50:15,Audi_A4_2.0_T_FSI_S_Line,privat,Angebot,7890,test,limousine,2005,manuell,200,a4,150000,4,benzin,audi,nein,2016-03-24 00:00:00,0,56291,2016-03-29 17:17:35
2016-04-01 21:44:58,Audi_A6_Avant_2.8_FSI,privat,Angebot,13990,test,kombi,2007,manuell,209,a6,100000,4,benzin,audi,nein,2016-04-01 00:00:00,0,02763,2016-04-05 19:16:57
2016-04-03 21:51:37,Audi_A4_kombi_Bj_12/10,privat,Angebot,13200,test,kombi,2010,manuell,143,a4,150000,12,diesel,audi,,2016-04-03 00:00:00,0,33607,2016-04-05 23:15:28
2016-03-28 19:47:05,Audi_A3,privat,Angebot,1990,control,kleinwagen,1996,manuell,125,a3,150000,3,benzin,audi,nein,2016-03-28 00:00:00,0,49084,2016-04-01 05:16:23
2016-03-17 13:53:32,Audi_A4_1.9_TDI_TÜV_03/2018,privat,Angebot,1385,control,kombi,1997,manuell,110,a4,150000,1,diesel,audi,nein,2016-03-17 00:00:00,0,50354,2016-03-28 15:45:13
2016-03-11 11:53:53,Audi_A4_1.8,privat,Angebot,700,control,limousine,1996,manuell,125,a4,150000,4,benzin,audi,nein,2016-03-11 00:00:00,0,56472,2016-03-22 09:44:49
2016-03-29 10:37:04,Audi_A4_1.6_Top_Zustand,privat,Angebot,1600,control,limousine,1996,manuell,101,a4,150000,2,,audi,,2016-03-29 00:00:00,0,81827,2016-04-05 20:18:00
2016-03-19 17:25:19,Audi_TT_Coupe_1.8_TFSI,privat,Angebot,21800,test,coupe,2012,manuell,160,tt,50000,10,benzin,audi,nein,2016-03-19 00:00:00,0,65428,2016-04-06 01:49:07
2016-03-08 12:47:47,Audi_S4_Cabriolet_tiptronic,privat,Angebot,17000,test,cabrio,2008,automatik,344,andere,125000,4,benzin,audi,nein,2016-03-08 00:00:00,0,22880,2016-03-08 19:21:27
2016-03-29 07:58:24,Verkaufe_meinen_Audi_90_Coupe_2.3_20V_quattro,privat,Angebot,4300,test,coupe,1990,manuell,170,90,150000,4,benzin,audi,,2016-03-29 00:00:00,0,13595,2016-04-05 18:17:00
2016-04-02 01:55:41,Audi_A3_2.0_FSI_Sportback,privat,Angebot,9100,test,kombi,2004,automatik,150,a3,150000,12,benzin,audi,nein,2016-04-01 00:00:00,0,03058,2016-04-06 04:16:23
2016-03-08 09:36:21,Audi_A2,privat,Angebot,2300,control,kleinwagen,2002,manuell,75,a2,150000,4,benzin,audi,nein,2016-03-08 00:00:00,0,55595,2016-03-10 09:46:13
2016-04-04 17:54:30,Audi_A6_No_A4,privat,Angebot,5699,test,kombi,2004,automatik,250,a6,150000,6,benzin,audi,,2016-04-04 00:00:00,0,45896,2016-04-06 19:48:31
2016-03-20 17:45:44,Audi_A6_Avant_3.0_TDI_DPF_quattro_S_tronic,privat,Angebot,15000,test,kombi,2012,automatik,245,a6,70000,5,diesel,audi,nein,2016-03-20 00:00:00,0,39110,2016-03-21 21:15:22
2016-03-21 20:43:35,Audi_A4_HU_neu,privat,Angebot,1800,control,limousine,1995,manuell,101,a4,150000,3,benzin,audi,nein,2016-03-21 00:00:00,0,03238,2016-04-06 23:45:51
2016-03-17 09:38:12,A6_Avant_2.0,privat,Angebot,4600,test,,2017,manuell,131,,150000,6,,audi,,2016-03-17 00:00:00,0,45529,2016-04-06 07:44:21
2016-03-27 01:58:19,Audi_A3_1.2_TFSI_Sportback_Ambition__Xenon__AHK__EPH,privat,Angebot,20900,test,kombi,2014,manuell,110,a3,20000,11,benzin,audi,nein,2016-03-27 00:00:00,0,92345,2016-03-27 09:39:11
2016-03-22 00:38:14,+++Audi_A4_1.8_TFSI_Ambition+++,privat,Angebot,10900,control,limousine,2008,manuell,160,a4,100000,5,benzin,audi,nein,2016-03-21 00:00:00,0,33129,2016-03-22 06:47:45
2016-03-17 20:38:17,Audi_A6_2.7_TDI,privat,Angebot,6300,control,limousine,2005,manuell,179,a6,150000,10,diesel,audi,nein,2016-03-17 00:00:00,0,67105,2016-03-20 23:16:32
2016-03-14 19:56:40,A4_2.0_TDI_quattro_NAVI+LEDER+XENON+eSHD+18_ALU,privat,Angebot,10000,control,limousine,2012,manuell,177,a4,150000,3,diesel,audi,nein,2016-03-14 00:00:00,0,10115,2016-03-14 19:56:40
2016-04-04 13:56:09,Audi_A8_2.8,privat,Angebot,8500,control,limousine,2000,manuell,193,a8,150000,4,benzin,audi,nein,2016-04-04 00:00:00,0,74172,2016-04-06 15:16:50
2016-03-30 13:52:11,Audi_A5_2.0_TFSI_/_211_PS_/_S_Line_komplett_/_20_Zoll,privat,Angebot,20990,test,coupe,2009,manuell,211,a5,125000,11,benzin,audi,nein,2016-03-30 00:00:00,0,73734,2016-04-07 04:44:53
2016-04-03 18:41:09,Audi_TT_Roadster_1.8_T,privat,Angebot,6100,control,cabrio,2002,manuell,150,tt,150000,5,benzin,audi,nein,2016-04-03 00:00:00,0,97729,2016-04-05 18:46:27
2016-03-16 19:43:04,Audi_80_Avant__V6_2.6,privat,Angebot,150,test,kombi,1993,manuell,150,80,150000,5,benzin,audi,,2016-03-16 00:00:00,0,88693,2016-03-20 20:18:01
2016-04-03 01:36:20,Audi_A3_2.0_TFSI_Sportback_S_line_Sportpaket__plus_,privat,Angebot,18000,control,kombi,2008,manuell,200,a3,70000,10,benzin,audi,nein,2016-04-03 00:00:00,0,16515,2016-04-07 10:16:15
2016-03-23 18:39:15,Audi_A4_Avant_TDI_Navi__Leder__Anh._Kuppl._1.Hand,privat,Angebot,2900,test,kombi,1998,manuell,115,a4,150000,2,diesel,audi,nein,2016-03-23 00:00:00,0,94571,2016-03-29 13:45:56
2016-03-09 12:47:44,Audi_A4_Limosine_1.6,privat,Angebot,4700,control,limousine,2001,manuell,102,a4,60000,6,,audi,nein,2016-03-09 00:00:00,0,14612,2016-04-05 23:45:05
2016-03-09 09:57:05,Audi_A1_1.2_TFSI,privat,Angebot,15000,test,kleinwagen,2014,manuell,86,a1,30000,4,benzin,audi,nein,2016-03-09 00:00:00,0,73732,2016-03-11 03:17:17
2016-03-23 14:06:18,Audi_A8_3.0_TDI_DPF_quattro,privat,Angebot,18000,control,limousine,2008,automatik,232,a8,125000,12,diesel,audi,nein,2016-03-23 00:00:00,0,57518,2016-04-06 13:44:57
2016-03-24 14:54:19,Audi_Coupé,privat,Angebot,2000,test,coupe,1990,manuell,113,andere,150000,9,benzin,audi,ja,2016-03-24 00:00:00,0,85077,2016-04-07 07:17:26
2016-04-01 19:45:46,Audi_A4_Avant_s_line,privat,Angebot,16000,control,kombi,2009,manuell,160,a4,70000,11,benzin,audi,,2016-04-01 00:00:00,0,71032,2016-04-05 15:47:08
2016-03-20 13:50:32,verkaufe_mein_geliebten_audi_a6_sehr_sparsam_gruene_Plakette,privat,Angebot,6350,test,kombi,2006,manuell,140,a6,150000,2,diesel,audi,nein,2016-03-20 00:00:00,0,78713,2016-04-06 15:45:24
2016-03-30 22:51:36,Audi_A4_1_9_TDI_S___line_Navi_PDC_Sport_Schiebedach,privat,Angebot,6600,control,kombi,2004,manuell,131,a4,150000,10,diesel,audi,nein,2016-03-30 00:00:00,0,85092,2016-04-05 15:45:50
2016-04-05 00:40:01,Audi_A5_2.0_TFSI,privat,Angebot,14200,control,coupe,2009,manuell,179,a5,80000,6,benzin,audi,nein,2016-04-04 00:00:00,0,36137,2016-04-07 03:17:03
2016-03-13 19:42:58,Audi_a3_sehr_gepflegt_1.6_mit_klima,privat,Angebot,900,control,kleinwagen,1997,manuell,0,a3,150000,0,,audi,nein,2016-03-13 00:00:00,0,42279,2016-03-13 19:42:58
"2016-03-05 16:37:39,Audi_A8_4_2__quattro__LPG_Prins__20""_Felgen_ABT,privat,Angebot,10900,control,limousine,2003,automatik,334,a8,150000,3,benzin,audi,nein,2016-03-05 00:00:00,0,50181,2016-04-05 12:19:49"
2016-04-05 18:25:20,Audi_A4_b5_Avant,privat,Angebot,1550,control,kombi,1998,manuell,150,a4,150000,0,,audi,nein,2016-04-05 00:00:00,0,35799,2016-04-05 18:25:20
2016-03-09 12:51:19,Audi_A3_2.0_TDI_Limousine_Attraction_S_line,privat,Angebot,33499,control,limousine,2015,manuell,184,a3,30000,2,diesel,audi,nein,2016-03-09 00:00:00,0,36119,2016-04-05 23:45:09
2016-03-08 14:58:51,A4_1.9_TDI_FULL_LEDER_BRAUN_131_PS,privat,Angebot,2001,test,kombi,2001,manuell,131,a4,150000,10,diesel,audi,,2016-03-08 00:00:00,0,48455,2016-03-08 15:39:38
2016-03-15 20:49:16,Audi_A5_3.0_TDI_DPF_quattro_S_tronic__S_Line,privat,Angebot,24750,test,coupe,2010,automatik,239,a5,80000,11,diesel,audi,nein,2016-03-15 00:00:00,0,38229,2016-03-20 19:44:39
2016-03-07 22:57:05,Audi_A4_2.0,privat,Angebot,4950,test,limousine,2001,automatik,131,a4,80000,12,benzin,audi,nein,2016-03-07 00:00:00,0,72406,2016-04-05 19:16:44
2016-04-04 21:36:58,Audi_A4___S4_B5_Avant_Quattro,privat,Angebot,3500,test,kombi,1997,manuell,193,a4,150000,2,benzin,audi,ja,2016-04-04 00:00:00,0,08309,2016-04-07 00:15:24
2016-03-23 12:39:55,Audi_A6_Avant_3.0_TDI_tiptronic_quattro_Vollausstattu,privat,Angebot,8900,control,kombi,2006,automatik,224,a6,150000,1,diesel,audi,nein,2016-03-23 00:00:00,0,12105,2016-04-05 11:18:16
2016-03-12 13:53:31,Audi_A4_Cabriolet_1.8_T,privat,Angebot,10500,control,cabrio,2005,automatik,163,a4,100000,7,benzin,audi,nein,2016-03-12 00:00:00,0,71083,2016-04-06 19:17:55
2016-03-08 03:59:46,Audi_A4_Limousine,privat,Angebot,4900,control,limousine,2004,manuell,102,a4,150000,6,benzin,audi,nein,2016-03-08 00:00:00,0,51067,2016-04-03 17:45:59
2016-03-22 07:53:01,Tauschen_fur_WV_AUDI_OPEL_,privat,Angebot,2500,control,kombi,2001,manuell,136,3er,150000,7,diesel,bmw,nein,2016-03-22 00:00:00,0,80937,2016-04-05 20:16:54
2016-03-22 23:58:29,Audi_A6_2.5_TDI__Bose__Temp__Leder__RPF__AHK__8_Reif,privat,Angebot,4990,test,limousine,2002,automatik,155,a6,150000,3,diesel,audi,nein,2016-03-22 00:00:00,0,13086,2016-04-07 05:45:47
2016-03-31 02:32:44,Audi_A3_1.6,privat,Angebot,999,control,limousine,2001,manuell,101,a3,150000,11,benzin,audi,ja,2016-03-31 00:00:00,0,64569,2016-03-31 15:49:16
2016-03-10 09:53:16,Audi_100c4_nur_bis_12.03.2016_im_Angebot,privat,Angebot,450,test,kombi,1994,manuell,0,100,150000,0,benzin,audi,ja,2016-03-10 00:00:00,0,37444,2016-03-25 11:18:46
2016-03-25 14:37:19,Audi_A3_Bj._2003_5_Tuerer_TÜV_neu,privat,Angebot,3450,control,,2005,manuell,102,a3,150000,2,benzin,audi,nein,2016-03-25 00:00:00,0,26160,2016-03-27 00:44:19
2016-03-08 20:55:27,Audi_A3_1.6_Ambiente,privat,Angebot,3250,control,limousine,2003,manuell,102,a3,150000,10,benzin,audi,nein,2016-03-08 00:00:00,0,32120,2016-04-06 01:17:07
2016-03-30 11:52:33,Audi_A6_4.2_quattro_LPG__Keyless__Standheizung__AHK,privat,Angebot,13490,test,limousine,2006,automatik,334,a6,150000,1,benzin,audi,nein,2016-03-30 00:00:00,0,38100,2016-04-07 02:45:03
2016-04-01 04:36:54,Audi__A5_Coupé_S_line,privat,Angebot,27300,control,coupe,2012,manuell,170,a5,50000,5,benzin,audi,nein,2016-04-01 00:00:00,0,85098,2016-04-07 06:15:23
2016-04-05 10:37:00,Audi_coupe,privat,Angebot,2600,control,coupe,1989,manuell,133,80,150000,9,benzin,audi,,2016-04-05 00:00:00,0,34613,2016-04-07 13:16:14
2016-03-12 22:50:13,Audi_A4_S_Line,privat,Angebot,14990,control,limousine,2008,manuell,160,a4,125000,4,benzin,audi,,2016-03-12 00:00:00,0,31848,2016-04-05 15:17:17
2016-03-09 10:18:36,Audi_A6_3.0_TDI_DPF_quattro_voll_Ausstattung,privat,Angebot,20000,test,limousine,2010,automatik,239,a6,150000,5,diesel,audi,nein,2016-03-07 00:00:00,0,56567,2016-03-30 19:17:04
2016-03-25 01:57:39,Audi_A3_1.8_T_Ambition_Euro_4_8_Fach_Bereift,privat,Angebot,3299,test,limousine,2001,manuell,150,a3,150000,9,benzin,audi,nein,2016-03-25 00:00:00,0,90429,2016-03-31 13:16:14
2016-03-15 14:55:29,A4_1.9_TDI_Navi,privat,Angebot,2250,control,limousine,2002,,0,a4,150000,10,diesel,audi,nein,2016-03-15 00:00:00,0,48291,2016-03-15 14:55:29
2016-03-08 03:58:33,Audi_dsg_quattro_s_line_19_zoll,privat,Angebot,7999,control,coupe,2004,automatik,250,a3,150000,3,benzin,audi,nein,2016-03-08 00:00:00,0,73084,2016-03-18 02:16:06
2016-03-24 13:46:41,Audi_A6,privat,Angebot,3800,control,kombi,2000,automatik,179,a6,30000,11,diesel,audi,nein,2016-03-24 00:00:00,0,21255,2016-04-07 05:15:36
2016-03-14 14:39:15,Audi_A3_2.0_TDI_Sportback_DPF,privat,Angebot,7500,control,kombi,2006,manuell,140,a3,150000,2,diesel,audi,nein,2016-03-14 00:00:00,0,83093,2016-04-05 16:44:20
2016-04-04 14:49:34,Audi_A4_Avant_2.0,privat,Angebot,4999,test,kombi,2004,manuell,131,a4,150000,10,benzin,audi,nein,2016-04-04 00:00:00,0,39179,2016-04-06 16:17:22
2016-03-27 19:45:13,Audi_100_2_6_v6__bj_1992__top!_Klima_usw!!,privat,Angebot,1100,control,limousine,1992,automatik,150,100,150000,12,benzin,audi,nein,2016-03-27 00:00:00,0,40625,2016-04-01 20:18:05
2016-03-28 20:51:41,Audi_A4_1.8_TFSI_Attraction.XENON,privat,Angebot,12200,control,limousine,2009,manuell,120,a4,100000,6,benzin,audi,nein,2016-03-28 00:00:00,0,90763,2016-04-07 03:44:36
2016-04-05 10:57:39,Audi_A4_2.0_TFSI__Ambiente_Bi_Xenon_PDC_Scheckheft,privat,Angebot,11500,control,limousine,2009,manuell,179,a4,150000,9,benzin,audi,nein,2016-04-05 00:00:00,0,12353,2016-04-07 14:56:42
2016-03-15 20:43:10,Audi_Audi_A4_1.8_Sonder_Ausstatung__Tuev___Tunig_...,privat,Angebot,1500,test,limousine,1996,manuell,182,a4,150000,12,benzin,audi,nein,2016-03-15 00:00:00,0,59929,2016-04-01 05:16:51
2016-03-23 18:38:32,Audi_A4_2.0,privat,Angebot,3900,test,limousine,2001,manuell,131,a4,150000,4,benzin,audi,nein,2016-03-23 00:00:00,0,83329,2016-03-27 23:45:27
2016-03-31 05:36:22,Audi_Q3_2.0_TDI_AHK/Xenon/Navi/SHZ/5_J._Garantie/PDC,privat,Angebot,29100,test,suv,2014,manuell,140,q3,10000,12,diesel,audi,,2016-03-31 00:00:00,0,91792,2016-04-06 02:16:21
2016-03-19 13:57:04,Audi_S3_Sportback_S_tronic____3_Jahre_Garantie!,privat,Angebot,39900,test,kombi,2014,automatik,300,andere,30000,5,benzin,audi,nein,2016-03-19 00:00:00,0,42855,2016-04-06 20:18:48
2016-03-11 09:50:16,Audi_A4_Cabriolet_1.8_T,privat,Angebot,7660,control,cabrio,2004,manuell,163,a4,150000,6,benzin,audi,nein,2016-03-11 00:00:00,0,01619,2016-04-06 21:47:37
2016-03-14 21:57:08,Audi_A6_Avant_2.7_TDI_DPF_multitronic,privat,Angebot,7255,test,kombi,2007,automatik,179,a6,150000,4,diesel,audi,nein,2016-03-14 00:00:00,0,57520,2016-03-30 08:47:27
"2016-03-06 10:48:34,Audi_A4_2.0_TDI_S_Line_/_Motorsoundsystem_/20""/S4,privat,Angebot,23999,test,limousine,2012,manuell,180,a4,80000,5,diesel,audi,nein,2016-03-06 00:00:00,0,36093,2016-04-04 21:46:41"
2016-03-22 15:46:42,Audi_TT_Coupe_1.8_T,privat,Angebot,5499,control,coupe,2000,manuell,179,tt,150000,4,benzin,audi,nein,2016-03-22 00:00:00,0,45309,2016-03-25 07:49:47
2016-03-08 08:53:15,Audi_80_1.8_S,privat,Angebot,900,test,limousine,1990,manuell,90,80,150000,7,benzin,audi,ja,2016-03-08 00:00:00,0,93128,2016-04-06 20:19:16
2016-03-09 19:48:20,Audi_A3_1.4_TFSI_Limousine_S_tronic,privat,Angebot,22900,test,limousine,2014,automatik,125,a3,20000,10,benzin,audi,nein,2016-03-09 00:00:00,0,92348,2016-03-12 06:17:24
2016-03-09 18:45:06,SportbackDIESELTOOOPP!!!,privat,Angebot,7855,test,limousine,2009,automatik,0,a5,150000,9,diesel,audi,nein,2016-03-09 00:00:00,0,50374,2016-03-09 18:45:06
2016-03-26 14:38:43,XC_90_D5_SPORT_DYNAUDIO_7_SITZE_1.HAND_S_HEFT,privat,Angebot,10000,control,suv,2008,automatik,185,xc_reihe,90000,1,diesel,volvo,nein,2016-03-26 00:00:00,0,10115,2016-03-26 14:38:43
2016-03-12 16:44:33,Audi_A4_Avant_1.9_TDI,privat,Angebot,4300,control,kombi,2004,manuell,131,a4,150000,3,diesel,audi,nein,2016-03-12 00:00:00,0,74889,2016-03-15 02:45:04
2016-03-27 12:48:46,Verkaufe_Audi_a6_4b,privat,Angebot,1000,test,kombi,2000,manuell,150,a6,150000,3,diesel,audi,nein,2016-03-27 00:00:00,0,98746,2016-04-03 07:52:36
2016-03-19 16:39:19,Audi_A3_2.0_TDI_Sportback_DPF_Ambition_MJ_07,privat,Angebot,5900,test,kombi,2006,manuell,140,a3,150000,9,diesel,audi,nein,2016-03-19 00:00:00,0,54343,2016-03-28 19:46:18
2016-04-01 22:31:27,Audi_A6_Avant_3.0_TDI_quattro,privat,Angebot,12500,control,kombi,2005,manuell,224,a6,150000,8,diesel,audi,nein,2016-04-01 00:00:00,0,35713,2016-04-05 14:44:35
2016-03-19 16:57:40,Audi_A6_Avant_3.0_TDI_DPF_quattro_S_tronic,privat,Angebot,37999,test,kombi,2012,automatik,245,a6,90000,7,diesel,audi,nein,2016-03-19 00:00:00,0,85051,2016-04-07 03:45:49
2016-03-27 19:46:23,Audi_100_S4_C4_top_gepflegt_als_Kombi_mit_230_PS,privat,Angebot,6450,control,kombi,1992,manuell,230,100,150000,4,benzin,audi,nein,2016-03-27 00:00:00,0,91207,2016-04-05 17:44:56
2016-04-03 20:39:10,Audi_A4_Avant_2.0_TDI_DPF_multitronic_Ambiente,privat,Angebot,11900,test,kombi,2009,automatik,143,a4,150000,6,diesel,audi,nein,2016-04-03 00:00:00,0,71272,2016-04-05 21:16:56
2016-03-23 16:39:20,Audi_A4_2.0_T__230Ps_Chipgetunt,privat,Angebot,3000,test,limousine,1996,manuell,230,a4,150000,2,benzin,audi,nein,2016-03-23 00:00:00,0,46562,2016-03-31 03:17:22
2016-04-02 20:49:14,Audi_a3_8l_1.6_101_ps_an_bastler_oder_fuer_export,privat,Angebot,650,test,kleinwagen,1997,manuell,101,a3,150000,4,benzin,audi,nein,2016-04-02 00:00:00,0,42277,2016-04-02 20:49:14
2016-03-25 20:56:12,Audi_A6_2.4_quattro,privat,Angebot,1800,control,limousine,1998,manuell,165,a6,150000,5,benzin,audi,nein,2016-03-25 00:00:00,0,97357,2016-04-07 03:17:46
2016-03-14 10:59:00,Audi_A8_4.2_Quattro_Automatik_Navi_TÜV_07/2016,privat,Angebot,1800,control,limousine,1997,automatik,299,a8,150000,7,benzin,audi,nein,2016-03-14 00:00:00,0,32699,2016-03-19 22:47:06
2016-03-19 13:25:21,Audi_A6_2.5_Tdi_Quattro__Xenon___Navigation__Gruene_Plakette__Tuev,privat,Angebot,2999,test,,2016,manuell,179,a6,150000,7,,audi,nein,2016-03-19 00:00:00,0,55120,2016-03-19 14:07:06
2016-04-01 10:50:32,Audi_a6_4f_2.7tdi_sline_tuev_3/18___auch_tausch,privat,Angebot,7500,control,kombi,2005,manuell,179,,150000,5,diesel,audi,nein,2016-04-01 00:00:00,0,91126,2016-04-07 07:46:03
2016-03-10 20:49:40,Audi_A8_3.0_TDI_quattro,privat,Angebot,10500,test,limousine,2005,automatik,232,a8,150000,2,diesel,audi,nein,2016-03-10 00:00:00,0,80337,2016-04-06 08:46:02
2016-03-11 03:03:34,Auf_der_suche____nach_deutsche_automarken,privat,Angebot,4000,control,limousine,2000,,150,,150000,4,diesel,audi,,2016-03-11 00:00:00,0,20535,2016-03-11 20:44:26
2016-03-26 09:39:02,Audi_A4_Cabriolet_1.8T_multitronic_S_line,privat,Angebot,12690,control,cabrio,2007,automatik,163,a4,100000,3,benzin,audi,nein,2016-03-26 00:00:00,0,13189,2016-03-27 21:16:00
2016-03-13 17:47:27,Audi_TTS_Roadster_S_tronic_WINTERPREIS!!!_TOP,privat,Angebot,25999,control,cabrio,2009,automatik,272,tt,90000,1,benzin,audi,nein,2016-03-13 00:00:00,0,60327,2016-04-05 18:44:35
2016-04-02 10:54:18,Audi_A6_C4_2_6_Limousine,privat,Angebot,450,test,,2016,automatik,0,a6,150000,0,benzin,audi,nein,2016-04-02 00:00:00,0,86668,2016-04-06 09:16:25
2016-04-02 13:57:41,Audi_Audi_A4_1.6_Limousine,privat,Angebot,3300,test,limousine,1996,manuell,101,a4,80000,3,benzin,audi,nein,2016-04-02 00:00:00,0,85114,2016-04-06 12:16:42
2016-03-28 23:36:23,Top_gepflegten_A4_1.8_Turbo_mit_TÜV,privat,Angebot,1400,test,limousine,1996,manuell,150,a4,150000,9,benzin,audi,nein,2016-03-28 00:00:00,0,21762,2016-04-05 15:45:35
2016-03-14 00:54:17,Audi_A3_2.0_TDI_Ambition,privat,Angebot,4500,control,limousine,2004,manuell,140,a3,150000,7,diesel,audi,nein,2016-03-13 00:00:00,0,58239,2016-04-07 03:16:28
2016-03-08 17:50:13,Audi_A6_2.0_TDI_DPF_Limousine_Xenon_Alu_17_Zoll_Leder,privat,Angebot,17900,control,limousine,2010,manuell,170,a6,70000,10,diesel,audi,nein,2016-03-08 00:00:00,0,51580,2016-04-07 08:44:55
2016-03-23 23:57:44,Audi_a5_Quattro_S_line_Panoramadach,privat,Angebot,17500,control,coupe,2010,automatik,211,a5,70000,11,benzin,audi,,2016-03-23 00:00:00,0,76744,2016-04-06 19:15:50
2016-03-31 17:52:28,Audi_A4_8K_B8_1.8_TFSI_Ambition,privat,Angebot,12000,control,limousine,2008,manuell,160,a4,20000,9,benzin,audi,nein,2016-03-31 00:00:00,0,55593,2016-04-06 11:44:28
2016-04-04 17:53:50,Tausche_BMW_320i_E90_gegen_BMW__Mercedes_oder_Audi,privat,Angebot,0,test,limousine,2006,manuell,0,3er,150000,12,benzin,bmw,nein,2016-04-04 00:00:00,0,64397,2016-04-04 17:53:50
2016-03-16 18:50:05,Audi_A2_1.4_mit_Klimaautomatik__+_Sitzheizung,privat,Angebot,2400,control,kleinwagen,2002,manuell,75,a2,150000,10,benzin,audi,ja,2016-03-16 00:00:00,0,34376,2016-03-16 18:50:05
2016-03-16 07:54:38,Audi_A4_Avant_1.8_T,privat,Angebot,7500,control,kombi,2002,manuell,150,a4,125000,1,benzin,audi,nein,2016-03-16 00:00:00,0,44536,2016-04-06 00:45:58
2016-04-01 16:38:16,Audi_A4_Avant_2.0_TDI_DPF,privat,Angebot,8500,control,kombi,2007,manuell,170,a4,150000,6,diesel,audi,nein,2016-04-01 00:00:00,0,77948,2016-04-01 16:38:16
2016-03-20 20:36:53,Audi_A4_Limousine,privat,Angebot,1950,test,,2018,manuell,0,a4,150000,0,lpg,audi,nein,2016-03-20 00:00:00,0,40227,2016-04-07 06:44:19
2016-03-24 22:49:13,Audi_A3/S3_Panorama/_S_Line_Voll,privat,Angebot,8200,control,kombi,2005,automatik,200,a3,150000,12,benzin,audi,nein,2016-03-24 00:00:00,0,46499,2016-04-05 21:48:05
2016-03-31 22:36:26,Verkaufe_hier_mein_Audi_A3_.,privat,Angebot,0,test,,2016,manuell,125,a3,150000,3,benzin,audi,,2016-03-31 00:00:00,0,09456,2016-04-01 02:42:26
2016-03-20 20:50:33,Audi_TTS_Coupe_S_tronic_Bose_Magnetic_Ride,privat,Angebot,19600,test,coupe,2009,automatik,272,tt,150000,7,benzin,audi,nein,2016-03-20 00:00:00,0,17192,2016-04-07 05:45:56
2016-04-01 13:37:53,Audi_A3_Cabriolet_1.9_TDI_DPF,privat,Angebot,11900,test,cabrio,2008,manuell,105,a3,150000,4,diesel,audi,nein,2016-04-01 00:00:00,0,22083,2016-04-07 11:17:51
2016-03-29 14:48:20,Audi_A4_Avant_2.0_TDI_DPF_multitronic,privat,Angebot,29999,test,kombi,2013,automatik,143,a4,90000,1,diesel,audi,nein,2016-03-29 00:00:00,0,78337,2016-04-06 00:44:19
2016-03-05 18:53:15,Audi_A3_1.4_TFSI_Sportback_Attraction,privat,Angebot,9990,test,kombi,2010,manuell,125,a3,100000,5,benzin,audi,nein,2016-03-05 00:00:00,0,34431,2016-03-17 23:17:41
2016-03-23 09:37:04,Audi_100_Avant_Bj:1990,privat,Angebot,650,test,kombi,1990,manuell,90,100,150000,4,benzin,audi,,2016-03-23 00:00:00,0,63639,2016-04-07 10:45:18
2016-04-03 11:38:00,Audi_A4_Avant_1.9_TDI,privat,Angebot,900,control,kombi,1996,manuell,110,a4,150000,4,diesel,audi,nein,2016-04-03 00:00:00,0,51515,2016-04-05 09:51:11
2016-03-11 00:59:04,Audi_A6_Avant_2.5_TDI_quattro,privat,Angebot,8000,test,kombi,2002,automatik,179,a6,150000,6,diesel,audi,nein,2016-03-10 00:00:00,0,82515,2016-04-06 04:44:59
2016-03-08 00:36:44,Audi_A3_8L___Unfall,privat,Angebot,300,control,kleinwagen,1998,manuell,101,a3,150000,11,benzin,audi,ja,2016-03-08 00:00:00,0,25566,2016-04-05 23:18:02
2016-03-07 09:58:38,Audi_a6_240PS_TÜV_10.2017,privat,Angebot,0,control,limousine,2006,manuell,240,a6,150000,0,diesel,audi,,2016-02-09 00:00:00,0,78532,2016-04-05 17:22:23
2016-04-04 20:43:23,Audi_A3_1.6,privat,Angebot,6100,control,limousine,2006,manuell,102,a3,150000,5,lpg,audi,nein,2016-04-04 00:00:00,0,92421,2016-04-06 22:46:41
2016-03-17 17:47:00,Audi_A4_1.8_TFSI_S_line,privat,Angebot,7950,control,limousine,2009,manuell,120,a4,125000,10,benzin,audi,nein,2016-03-17 00:00:00,0,40227,2016-03-28 21:19:29
2016-03-21 23:58:19,Audi_A1_1.2_TFSI_Sportback_Ambition,privat,Angebot,14499,test,kleinwagen,2012,manuell,86,a1,40000,7,benzin,audi,nein,2016-03-21 00:00:00,0,14167,2016-03-23 14:18:17
2016-03-25 13:51:44,Audi_S5,privat,Angebot,24500,test,coupe,2009,automatik,354,andere,125000,12,benzin,audi,nein,2016-03-25 00:00:00,0,50226,2016-04-02 17:17:23
2016-03-22 12:50:32,Audi_Audi_A3_1.9_TDI_90_PS_TÜV_AU_01.2018_,privat,Angebot,1100,control,limousine,1998,manuell,90,a3,150000,7,diesel,audi,nein,2016-03-22 00:00:00,0,53557,2016-03-29 15:47:26
2016-04-03 21:25:57,Audi_A6_Avant_2.0_TDI_DPF_VOLL_AUSSTATUNG,privat,Angebot,15799,test,kombi,2009,manuell,170,a6,90000,7,diesel,audi,nein,2016-04-03 00:00:00,0,56203,2016-04-05 11:32:51
2016-03-22 14:56:40,Audi_A6_2.0_S_line_Plus,privat,Angebot,15000,control,limousine,2010,automatik,170,a6,150000,6,diesel,audi,nein,2016-03-22 00:00:00,0,41462,2016-03-31 11:46:43
2016-03-11 12:37:59,Audi_A1_TFSI_Xenon_LED_Concert_Bluetooth_Misanorot_GARANTIE_uvm.,privat,Angebot,12999,test,kleinwagen,2012,manuell,85,a1,20000,10,benzin,audi,nein,2016-03-11 00:00:00,0,48683,2016-03-20 20:47:21
2016-03-10 18:30:48,Audi_A4_1.8_T,privat,Angebot,900,control,limousine,1997,manuell,150,a4,150000,11,benzin,audi,nein,2016-03-10 00:00:00,0,56567,2016-04-06 23:16:14
2016-03-19 08:51:12,Audi_A5_DPF_Coupe_mit_Anhaengerkupplung,privat,Angebot,19300,test,coupe,2010,manuell,190,,100000,8,diesel,audi,nein,2016-03-19 00:00:00,0,71131,2016-04-06 06:16:33
2016-03-22 20:56:21,Zu_verkaufen,privat,Angebot,8500,control,kombi,2008,manuell,143,a4,150000,9,,audi,,2016-03-22 00:00:00,0,97772,2016-03-28 13:16:11
2016-04-01 21:55:23,Audi_TT_Roadster_1.8_T_1a_Zustand,privat,Angebot,7950,test,cabrio,2002,manuell,179,tt,125000,4,benzin,audi,nein,2016-04-01 00:00:00,0,32049,2016-04-01 22:43:46
2016-04-05 01:56:48,Audi_A4_3.2_FSI_quattro_Vollausstattung,privat,Angebot,9900,control,limousine,2006,manuell,256,a4,150000,4,benzin,audi,nein,2016-04-05 00:00:00,0,94121,2016-04-07 11:16:06
2016-03-21 10:48:53,Audi_A4__2.0_Kombi_Automatik,privat,Angebot,3790,test,kombi,2002,automatik,131,,150000,5,benzin,audi,ja,2016-03-21 00:00:00,0,22880,2016-03-28 04:45:19
2016-03-08 20:57:17,Audi_A3_1.9_TDI..._KLIMA...._GRÜNE_PLAKETTE,privat,Angebot,1590,control,limousine,1999,manuell,90,a3,150000,6,diesel,audi,nein,2016-03-08 00:00:00,0,88326,2016-04-05 23:16:33
2016-03-30 17:58:45,Audi_A3,privat,Angebot,2000,control,limousine,2003,manuell,140,a3,150000,6,diesel,audi,ja,2016-03-30 00:00:00,0,67071,2016-04-07 08:46:19
2016-03-23 16:48:05,Audi_S3_1.8_T_quattro,privat,Angebot,9990,test,limousine,2002,manuell,243,andere,125000,1,benzin,audi,nein,2016-03-23 00:00:00,0,94530,2016-04-05 20:18:59
2016-03-05 19:36:53,Audi_A4_S_Line_FahrwerkabWerk_1_9_TDI_Top_gepflegt_Gruene_Plakette,privat,Angebot,6800,test,kombi,2003,manuell,131,a4,150000,4,diesel,audi,nein,2016-03-05 00:00:00,0,33818,2016-03-08 17:16:22
2016-03-31 14:53:39,Audi_Q7_3.0_TDI_DPF_quattro_tiptronic,privat,Angebot,47499,control,suv,2012,automatik,245,q7,70000,10,diesel,audi,nein,2016-03-31 00:00:00,0,30853,2016-04-06 08:17:17
2016-03-14 19:50:24,Audi_A4_Avant_2.0_TFSI_Ambition,privat,Angebot,15750,control,kombi,2010,manuell,211,a4,150000,10,benzin,audi,nein,2016-03-14 00:00:00,0,21502,2016-03-20 10:16:16
2016-03-07 14:52:40,Audi_S4_Cabriolet,privat,Angebot,23500,control,cabrio,2004,manuell,344,andere,100000,7,benzin,audi,nein,2016-03-07 00:00:00,0,58638,2016-04-07 06:45:51
2016-04-01 15:52:25,Audi_A6_2.8_FSI_multitronic,privat,Angebot,26899,test,limousine,2012,automatik,204,a6,60000,1,benzin,audi,nein,2016-04-01 00:00:00,0,74855,2016-04-07 14:56:00
2016-03-08 14:44:50,Audi_A4_2.6_quattro,privat,Angebot,2550,test,limousine,1995,manuell,150,a4,150000,4,benzin,audi,nein,2016-03-08 00:00:00,0,85107,2016-03-11 07:16:53
2016-03-20 21:45:26,Audi_A4_1.6_Zahnriemen__gew,privat,Angebot,1650,test,limousine,1995,manuell,101,a4,150000,5,benzin,audi,nein,2016-03-20 00:00:00,0,66564,2016-03-22 01:17:34
2016-04-02 21:53:41,Audi_A6_Avant_TDI_2_5,privat,Angebot,2500,test,kombi,2002,automatik,163,a6,150000,12,diesel,audi,ja,2016-04-02 00:00:00,0,89165,2016-04-05 21:47:11
2016-03-23 13:47:21,Audi_A3_1.8_Ambition,privat,Angebot,1200,test,limousine,1997,manuell,125,a3,150000,2,benzin,audi,nein,2016-03-23 00:00:00,0,30890,2016-04-01 18:20:03
2016-03-26 14:54:19,Audi_A3_2.0_TDI_Sportback_quattro_s_line,privat,Angebot,9950,control,kombi,2006,manuell,170,a3,150000,8,diesel,audi,nein,2016-03-26 00:00:00,0,94513,2016-04-06 03:17:42
2016-03-11 17:44:33,Audi_A3__8L__8_fach_bereift,privat,Angebot,2200,control,limousine,2001,manuell,102,a3,150000,10,benzin,audi,nein,2016-03-11 00:00:00,0,08223,2016-04-05 17:44:43
2016-03-21 20:56:30,Audi_A4_Avant_Ambition_1.8TFSI_160PS_BiXenon_MMI_SDCard_Navi_LED,privat,Angebot,15150,control,kombi,2010,manuell,160,a4,90000,5,benzin,audi,nein,2016-03-21 00:00:00,0,57368,2016-04-07 00:44:41
2016-03-17 20:56:49,Audi_A4_Avant_1.8,privat,Angebot,2250,control,kombi,1997,manuell,125,a4,150000,4,benzin,audi,nein,2016-03-17 00:00:00,0,96215,2016-04-07 11:16:22
2016-03-20 12:48:56,Audi_A6_Avant_2.4,privat,Angebot,1349,test,kombi,1998,manuell,165,a6,150000,3,benzin,audi,nein,2016-03-20 00:00:00,0,96237,2016-04-06 12:45:49
2016-03-27 08:36:25,Audi_A6_Avant_2.7_TDI_DPF_multitronic,privat,Angebot,8400,test,kombi,2006,automatik,179,a6,150000,3,diesel,audi,nein,2016-03-27 00:00:00,0,48231,2016-04-03 04:49:40
2016-03-09 09:25:22,Audi_A_3_in_Rot___2/3_Tuerer,privat,Angebot,630,test,limousine,1998,manuell,0,a3,150000,3,benzin,audi,ja,2016-03-09 00:00:00,0,65779,2016-03-10 06:16:10
2016-03-11 12:49:24,Audi_A4_Avant_2.4,privat,Angebot,1200,test,kombi,1999,manuell,165,a4,150000,1,benzin,audi,nein,2016-03-11 00:00:00,0,66809,2016-04-07 06:45:42
2016-03-09 10:53:07,Audi_A4_Avant_quattro_2.5TDI,privat,Angebot,5400,control,kombi,2002,automatik,179,a4,150000,3,diesel,audi,nein,2016-03-09 00:00:00,0,04936,2016-03-27 18:18:36
2016-03-18 19:23:55,Audi_Q7_3.0TDI_Quattro,privat,Angebot,14200,test,suv,2006,automatik,0,q7,150000,9,diesel,audi,nein,2016-03-18 00:00:00,0,56070,2016-03-24 00:16:35
2016-03-25 22:38:48,Audi_A4_S_line_Avant_1_9__kleine_Unfall,privat,Angebot,2999,control,kombi,2003,manuell,131,a4,150000,10,diesel,audi,ja,2016-03-25 00:00:00,0,38226,2016-03-25 22:38:48
2016-03-09 23:55:33,Audi_A4_1.9_TDI,privat,Angebot,950,test,limousine,1995,manuell,90,a4,150000,3,diesel,audi,nein,2016-03-09 00:00:00,0,59558,2016-03-11 18:46:13
2016-03-20 10:36:25,AUDI_A3_1.8_5V_TURBO_Mit_Tuev,privat,Angebot,650,control,,2017,,0,a3,150000,0,benzin,audi,,2016-03-20 00:00:00,0,24977,2016-03-20 10:36:25
2016-04-01 09:50:52,Audi_A3_2.0_TDI_Sportback__clean_diesel_,privat,Angebot,22800,test,kombi,2014,manuell,150,a3,30000,7,diesel,audi,nein,2016-04-01 00:00:00,0,93342,2016-04-07 06:17:35
2016-03-10 12:47:23,Audi_a4_1.8,privat,Angebot,275,test,,2000,manuell,125,a4,150000,3,benzin,audi,ja,2016-03-10 00:00:00,0,41462,2016-03-11 12:47:26
2016-03-21 21:51:18,Audi_A5_3.0_TDI_DPF_quattro,privat,Angebot,19000,control,coupe,2008,manuell,239,a5,150000,1,diesel,audi,nein,2016-03-21 00:00:00,0,53639,2016-04-07 02:46:35
2016-03-10 18:39:50,A3_2.0_TDI_Ambition,privat,Angebot,2900,test,andere,2003,,0,a3,150000,10,diesel,audi,nein,2016-03-10 00:00:00,0,97996,2016-03-10 18:39:50
2016-03-31 22:47:45,Audi_80_1.6_E,privat,Angebot,1200,test,limousine,1993,manuell,101,80,150000,0,benzin,audi,,2016-03-31 00:00:00,0,59269,2016-04-06 18:48:27
2016-03-22 19:36:26,Audi_A3_Cabriolet_1.8_TFSI_S_tronic_Ambition,privat,Angebot,20600,test,cabrio,2011,automatik,160,a3,60000,3,benzin,audi,nein,2016-03-22 00:00:00,0,85435,2016-04-06 14:17:08
2016-03-26 20:58:23,Audi_A4_3.0_Automatik,privat,Angebot,3700,control,kombi,2001,automatik,220,a4,150000,9,benzin,audi,nein,2016-03-26 00:00:00,0,16816,2016-04-06 12:17:24
2016-03-12 18:46:58,AUDI_A4_B5__Bastlerfahrzeug__,privat,Angebot,500,test,limousine,1995,manuell,125,a4,150000,1,benzin,audi,,2016-03-12 00:00:00,0,84180,2016-03-24 18:46:10
2016-03-30 04:03:24,Audi__A1_Sportback_Ambition,privat,Angebot,16320,test,limousine,2014,manuell,122,a1,10000,9,benzin,audi,nein,2016-03-30 00:00:00,0,74177,2016-04-06 23:46:19
2016-03-10 00:52:18,Audi_A4_Avant_2.0_TDI_DPF_Attraction,privat,Angebot,13750,control,kombi,2011,manuell,143,a4,125000,3,diesel,audi,nein,2016-03-09 00:00:00,0,57439,2016-04-05 19:18:08
2016-03-12 17:56:48,Audi_A6_Avant_2.0_TDI_DPF_multitronic,privat,Angebot,8900,test,kombi,2009,automatik,170,a6,150000,3,diesel,audi,nein,2016-03-12 00:00:00,0,09131,2016-03-16 22:15:31
2016-03-30 18:25:22,Audi_A4_Avant,privat,Angebot,400,control,kombi,1996,manuell,125,a4,150000,6,benzin,audi,ja,2016-03-30 00:00:00,0,57627,2016-04-07 12:46:07
2016-04-04 22:38:27,Audi_A4_Avant_3.0_TDI_DPF_quattro,privat,Angebot,10900,test,kombi,2007,automatik,232,a4,150000,5,diesel,audi,nein,2016-04-04 00:00:00,0,96175,2016-04-07 01:16:23
2016-03-30 20:30:15,A5_Cabrio_2.0_TFSI_quattro_S_tronic_mmi_plus,privat,Angebot,28900,control,cabrio,2012,automatik,211,a5,50000,5,benzin,audi,nein,2016-03-30 00:00:00,0,61350,2016-04-05 11:18:36
2016-04-03 21:58:08,Audi_A4_Avant_1_6,privat,Angebot,1100,test,kombi,1999,manuell,101,a4,150000,9,benzin,audi,,2016-04-03 00:00:00,0,56584,2016-04-05 12:11:08
2016-03-13 14:46:51,Audi_A6_Avant_1.8_T,privat,Angebot,1999,test,kombi,1999,automatik,150,a6,150000,10,benzin,audi,nein,2016-03-13 00:00:00,0,51371,2016-03-13 14:46:51
2016-03-22 23:56:43,Audi_A3__zu_Verkaufen_wenig_km,privat,Angebot,1750,test,limousine,1999,manuell,101,a3,150000,11,benzin,audi,nein,2016-03-22 00:00:00,0,67655,2016-03-24 15:16:58
2016-03-14 13:25:25,A4_1.9_TDI_S_line!_131PS_Schwartz,privat,Angebot,2500,test,kombi,2003,manuell,131,a4,150000,5,diesel,audi,nein,2016-03-14 00:00:00,0,63225,2016-03-14 14:06:55
2016-03-22 18:40:32,Audi_A4_Cabrio__Top_Zustand__wie_neue.,privat,Angebot,8200,control,cabrio,2003,manuell,170,a4,150000,2,benzin,audi,,2016-03-22 00:00:00,0,88267,2016-04-06 10:16:17
2016-03-20 10:56:01,Audi_A4_sline_180ps,privat,Angebot,6900,control,,2017,automatik,180,a4,150000,11,diesel,audi,,2016-03-20 00:00:00,0,25358,2016-03-25 09:18:42
2016-03-11 20:37:04,Audi_a4_b6_e8_s_packet_bj_03,privat,Angebot,3899,control,,2017,manuell,163,a4,150000,0,,audi,ja,2016-03-11 00:00:00,0,52353,2016-04-06 02:46:50
2016-03-09 18:56:42,Audi_A5_2.7_TDI_DPF_multitronic,privat,Angebot,20600,test,coupe,2011,automatik,190,a5,150000,7,diesel,audi,nein,2016-03-09 00:00:00,0,34119,2016-04-05 12:47:28
2016-03-15 14:53:06,A3_2.0_TDI_S_Line,privat,Angebot,2900,control,limousine,2004,,0,a3,150000,11,diesel,audi,nein,2016-03-15 00:00:00,0,17192,2016-03-15 14:53:06
2016-03-27 18:36:58,Audi_A6_Avant_3_0_V6_TDI_quattro_Aut._Tiptr._Vollausstattung_TOP,privat,Angebot,12900,control,kombi,2007,automatik,233,a6,150000,6,diesel,audi,nein,2016-03-27 00:00:00,0,13089,2016-04-05 14:47:40
2016-03-30 21:44:30,Audi_tt_8j,privat,Angebot,14200,test,,2017,automatik,200,tt,150000,11,,audi,,2016-03-30 00:00:00,0,66509,2016-04-01 16:45:02
2016-03-14 12:55:49,Audi_A1_1.6_TDI_Sportback,privat,Angebot,18000,test,kleinwagen,2014,manuell,90,a1,40000,2,diesel,audi,nein,2016-03-14 00:00:00,0,90602,2016-03-17 23:45:56
2016-03-08 15:50:57,Audi_A4_Avant_1.8_T,privat,Angebot,4900,test,kombi,2004,automatik,163,a4,150000,4,benzin,audi,nein,2016-03-08 00:00:00,0,23611,2016-03-10 10:46:03
2016-03-12 19:45:26,Audi_A6_3.0_TDI_DPF_multitronic,privat,Angebot,26900,test,limousine,2011,automatik,204,a6,90000,9,diesel,audi,nein,2016-03-12 00:00:00,0,13589,2016-04-05 11:48:21
2016-03-07 17:44:25,Audi_Cabriolet_2.0,privat,Angebot,4250,test,cabrio,1996,manuell,116,andere,150000,5,benzin,audi,nein,2016-03-07 00:00:00,0,21449,2016-03-13 03:15:21
2016-03-20 18:44:28,Audi_TT_Coupe_1.8_T,privat,Angebot,8990,test,coupe,2001,manuell,179,tt,100000,5,benzin,audi,nein,2016-03-20 00:00:00,0,44534,2016-04-07 01:45:21
2016-03-06 12:06:20,Audi_S3_Sportback_S_tronic,privat,Angebot,19990,test,kombi,2009,automatik,265,andere,100000,7,benzin,audi,nein,2016-03-06 00:00:00,0,57537,2016-03-27 21:47:58
2016-03-27 14:25:35,Audi_A4_Avant_2.4,privat,Angebot,998,control,kombi,1997,automatik,165,a4,150000,8,benzin,audi,nein,2016-03-27 00:00:00,0,35457,2016-04-05 19:46:44
2016-04-01 12:49:00,Audi_A4_Avant_1.8_TFSI_aut._bi_xenon_model2011_mmi3g,privat,Angebot,11300,test,kombi,2010,automatik,160,a4,150000,12,benzin,audi,nein,2016-04-01 00:00:00,0,47475,2016-04-07 09:17:47
2016-03-30 12:49:37,Audi_Q7_3.0_TDI_DPF_quattro_tiptronic,privat,Angebot,15000,control,limousine,2007,automatik,232,q7,150000,8,diesel,audi,nein,2016-03-30 00:00:00,0,93413,2016-04-07 03:44:48
2016-04-04 09:53:35,Audi_Q3_2.0_TDI_quattro_S_tronic,privat,Angebot,31900,control,limousine,2013,automatik,177,q3,30000,4,diesel,audi,nein,2016-04-04 00:00:00,0,84453,2016-04-06 11:44:26
2016-03-17 18:54:08,Audi_A6_Avant_2.0_TFSI_multitronic,privat,Angebot,8950,control,kombi,2006,automatik,170,a6,150000,5,benzin,audi,nein,2016-03-17 00:00:00,0,90768,2016-04-07 06:16:51
2016-03-28 09:53:21,Audi_A4_Lederausstattung,privat,Angebot,900,control,limousine,1999,manuell,172,a4,150000,10,diesel,audi,nein,2016-03-28 00:00:00,0,96148,2016-04-02 13:46:00
2016-03-07 15:58:14,Audi_A1,privat,Angebot,11999,control,kleinwagen,2010,manuell,122,a1,60000,10,benzin,audi,nein,2016-03-07 00:00:00,0,58579,2016-03-16 04:17:43
2016-04-02 20:46:07,Audi_A6_Avant_2.0_TDI_DPF___sehr_gepfleger_Zustand,privat,Angebot,15500,test,kombi,2010,manuell,170,a6,125000,1,diesel,audi,nein,2016-04-02 00:00:00,0,73433,2016-04-06 21:16:54
2016-03-15 08:53:26,Audi_Q7_3.0_TDI_DPF_Quattro_Tiptronic_8_Fachbereift__fast_voll,privat,Angebot,15000,test,limousine,2006,automatik,233,q7,150000,12,diesel,audi,nein,2016-03-15 00:00:00,0,40227,2016-03-18 02:16:27
2016-03-26 13:39:32,Audi_A4_Avant_Top_zustand,privat,Angebot,799,control,kombi,1997,manuell,101,a4,150000,5,,audi,nein,2016-03-26 00:00:00,0,68305,2016-03-28 01:45:16
2016-03-20 22:49:09,Audi_A6_Avant_2.7_TDI_DPF_multitronic_S_Line,privat,Angebot,19499,test,kombi,2011,automatik,190,a6,150000,4,diesel,audi,nein,2016-03-20 00:00:00,0,77694,2016-04-07 09:45:05
2016-03-09 14:48:53,Audi_A4_1.8,privat,Angebot,1400,test,limousine,1996,manuell,125,a4,150000,12,benzin,audi,nein,2016-03-09 00:00:00,0,59348,2016-03-13 04:45:45
2016-04-03 00:58:51,Audi_A6_3.0_TDI_DPF_quattro,privat,Angebot,16999,control,limousine,2009,manuell,239,a6,150000,4,diesel,audi,nein,2016-04-03 00:00:00,0,21039,2016-04-07 09:15:36
2016-04-02 10:59:34,Audi_A3_P8_1_6_FSI,privat,Angebot,5400,test,kombi,2004,manuell,115,a3,150000,11,benzin,audi,nein,2016-04-02 00:00:00,0,44787,2016-04-06 08:45:18
2016-03-07 14:51:59,Audi_A4_/_Airride,privat,Angebot,9000,control,kombi,2005,manuell,140,a4,150000,0,diesel,audi,nein,2016-03-07 00:00:00,0,97496,2016-03-29 00:15:37
2016-03-05 16:44:05,Audi_A6_2_0_TDI_Limosine_zu_verkaufen,privat,Angebot,7000,control,limousine,2006,manuell,104,a6,150000,3,diesel,audi,nein,2016-03-05 00:00:00,0,25792,2016-03-17 11:38:15
2016-03-24 00:56:15,Audi_90,privat,Angebot,1150,test,limousine,1987,manuell,136,90,150000,4,benzin,audi,ja,2016-03-24 00:00:00,0,94538,2016-04-06 21:17:28
2016-03-21 16:36:59,Audi_A3_1.9_TDI_Ambiente,privat,Angebot,3850,control,limousine,2004,manuell,105,a3,150000,1,diesel,audi,nein,2016-03-21 00:00:00,0,58509,2016-03-22 21:17:24
2016-03-26 20:36:56,A3_2.0_TDI_Sportback_S_tronic_2X_S_LINE_PANORAMA,privat,Angebot,9500,control,limousine,2012,automatik,170,a3,80000,6,diesel,audi,nein,2016-03-26 00:00:00,0,10115,2016-03-26 20:36:56
2016-04-04 16:06:26,Audi_A3_1.8_TFSI_Sportback_Ambition,privat,Angebot,10950,control,kombi,2009,manuell,160,a3,125000,2,benzin,audi,nein,2016-04-04 00:00:00,0,60327,2016-04-05 12:19:50
2016-03-31 17:49:37,Audi_A6_Avant_Quattro_2_7_TDI_Luft_Navi_Bose_Standheizung_Xenon,privat,Angebot,8990,control,kombi,2005,automatik,180,a6,150000,9,diesel,audi,nein,2016-03-31 00:00:00,0,01309,2016-04-06 11:44:21
2016-03-31 23:44:10,Audi_A4_Avant_2.0_TDI_DPF_Ambition,privat,Angebot,12900,control,kombi,2008,manuell,143,a4,150000,2,diesel,audi,nein,2016-03-31 00:00:00,0,77815,2016-04-06 19:45:52
2016-03-26 07:36:25,Audi_100_2_6/_TÜV_02/18/_Euro_2/Tausch_moeglich,privat,Angebot,1399,test,limousine,1993,manuell,150,100,150000,0,benzin,audi,nein,2016-03-26 00:00:00,0,25541,2016-03-29 11:44:50
2016-04-03 19:52:25,Audi_A6_3.0_TDI_quattro,privat,Angebot,7999,test,limousine,2004,automatik,224,a6,150000,10,diesel,audi,nein,2016-04-03 00:00:00,0,10961,2016-04-05 20:45:18
2016-04-01 16:55:01,Audi_TT_Roadster_1_8_T,privat,Angebot,10250,control,cabrio,2004,manuell,150,tt,80000,5,benzin,audi,nein,2016-04-01 00:00:00,0,59348,2016-04-05 12:17:41
2016-03-25 15:37:20,Audi_Q5_3.0_TDI_quattro_S_tronic,privat,Angebot,20500,test,suv,2009,automatik,239,q5,125000,11,diesel,audi,nein,2016-03-25 00:00:00,0,68623,2016-04-06 19:16:05
2016-03-16 17:53:34,Audi_A5_2.7_TDI_Sportback_DPF,privat,Angebot,16900,control,coupe,2010,manuell,190,a5,150000,10,diesel,audi,nein,2016-03-16 00:00:00,0,74193,2016-04-07 00:45:27
2016-03-24 11:36:22,****AUDI_Q5_2.0TDI_TÜV_02/18_NEUER_MODELL***,privat,Angebot,30000,test,suv,2012,manuell,0,q5,100000,0,diesel,audi,nein,2016-03-24 00:00:00,0,38304,2016-03-30 13:15:37
2016-03-26 23:55:55,Audi_A5_3.0_TDI_DPF_quattro_S_line_sportpaket_plus,privat,Angebot,14295,test,coupe,2007,manuell,239,a5,150000,8,diesel,audi,nein,2016-03-26 00:00:00,0,66557,2016-04-07 04:16:14
2016-03-27 17:41:13,AUDI_Q5___3.0_tdi_/_Panorama_/_Xenon_/_PDC_vh_/_Alcantara_/_Navi,privat,Angebot,21950,test,suv,2009,automatik,239,q5,150000,11,diesel,audi,nein,2016-03-27 00:00:00,0,72820,2016-04-05 13:17:48
2016-03-21 19:56:10,Zylinderkopfschaden,privat,Angebot,0,test,kombi,1998,manuell,101,a4,150000,0,,audi,,2016-03-21 00:00:00,0,94209,2016-03-21 19:56:10
2016-03-08 19:25:42,Audi_A3_2.0_TDI_Sportback_Ambition,privat,Angebot,22900,control,kombi,2013,manuell,150,a3,40000,11,diesel,audi,nein,2016-03-08 00:00:00,0,35683,2016-04-05 16:45:07
2016-03-23 19:45:12,Audi_A6_Avant_2.7_TDI_DPF,privat,Angebot,8900,control,kombi,2007,manuell,179,a6,150000,9,diesel,audi,nein,2016-03-23 00:00:00,0,24837,2016-03-23 19:45:12
2016-03-27 21:46:48,Audi_A3_Sportback_S_line_1.4_TFSI_Xenon_B&O_Klima_Nav,privat,Angebot,21800,test,kombi,2013,manuell,122,a3,40000,4,benzin,audi,nein,2016-03-27 00:00:00,0,32278,2016-04-05 20:46:34
2016-03-30 15:57:36,Audi_A1__3_tuerig__schwarz_mit_weisser_Dachreling,privat,Angebot,11900,test,kleinwagen,2011,manuell,86,a1,40000,11,benzin,audi,nein,2016-03-30 00:00:00,0,97265,2016-04-07 07:15:53
2016-03-24 01:57:46,Audi_A6_3.0_TDI_DPF_quattro_S_tronic,privat,Angebot,29500,test,limousine,2012,automatik,204,a6,80000,12,diesel,audi,nein,2016-03-24 00:00:00,0,66117,2016-04-06 16:17:02
2016-03-15 19:57:08,Gepflegter_Audi_a6_2_5_4b,privat,Angebot,0,control,limousine,1998,automatik,155,a3,150000,0,,audi,nein,2016-03-15 00:00:00,0,27432,2016-04-07 00:44:21
2016-03-27 15:51:38,Audi_A4_Avant_1.8_T,privat,Angebot,3600,control,kombi,2000,automatik,150,a4,150000,4,benzin,audi,nein,2016-03-27 00:00:00,0,70327,2016-04-05 11:47:44
2016-03-22 01:57:55,Audi_A3__1.6_Benziner_1999_Baujahr,privat,Angebot,950,test,coupe,1999,manuell,101,a3,150000,0,benzin,audi,,2016-03-22 00:00:00,0,86150,2016-04-05 18:15:43
2016-03-11 18:38:40,Audi_A2_1.6_FSI__1.Hand_HU_neu_AHK,privat,Angebot,4200,test,kleinwagen,2003,manuell,110,a2,150000,1,benzin,audi,nein,2016-03-11 00:00:00,0,46397,2016-03-17 04:44:26
2016-03-16 17:49:08,Audi_S6_Avant,privat,Angebot,25000,control,kombi,2006,automatik,435,andere,125000,6,benzin,audi,nein,2016-03-16 00:00:00,0,21149,2016-04-07 00:16:36
2016-03-24 14:39:12,Audi_A4_Avant_2.0_TDI_S_Line,privat,Angebot,11599,test,kombi,2008,manuell,170,a4,150000,2,diesel,audi,nein,2016-03-24 00:00:00,0,37434,2016-04-07 05:46:36
2016-03-12 18:54:33,Audi_A6_3.0_TDI_S_Line_quattro,privat,Angebot,11990,test,limousine,2007,automatik,232,a6,150000,6,diesel,audi,nein,2016-03-12 00:00:00,0,06114,2016-04-07 12:46:51
2016-03-15 14:39:19,Audi_A3_2.0_TDI_Sportback_DPF,privat,Angebot,11700,control,kombi,2008,manuell,140,a3,125000,10,diesel,audi,nein,2016-03-15 00:00:00,0,79252,2016-04-06 03:46:22
2016-03-13 16:48:37,Audi_A4_schwarz_mit_Gewindefahrwerk,privat,Angebot,2900,test,limousine,2000,manuell,0,a4,150000,9,benzin,audi,nein,2016-03-13 00:00:00,0,99768,2016-03-16 15:47:21
2016-03-20 18:57:07,Audi_A4_Avant_1.8_T,privat,Angebot,1490,test,kombi,1999,manuell,150,a4,150000,4,benzin,audi,nein,2016-03-20 00:00:00,0,76709,2016-03-23 05:22:23
2016-03-25 08:52:37,Audi_A6_6_Gang_Automatik_AHK_TÜV_07/17_auch_Tausch_Diesel,privat,Angebot,1300,control,kombi,2001,automatik,193,,150000,5,benzin,audi,,2016-03-25 00:00:00,0,47533,2016-03-25 09:43:50
2016-03-12 09:52:04,Audi_A4_Avant_1.9_TDI,privat,Angebot,4699,control,kombi,2004,manuell,101,a4,150000,7,diesel,audi,nein,2016-03-12 00:00:00,0,35260,2016-03-17 06:44:20
2016-03-16 15:49:20,A4_S_line_Quattro_FULL_PAKET,privat,Angebot,2500,test,kombi,2003,,0,a4,150000,6,diesel,audi,,2016-03-16 00:00:00,0,60314,2016-03-16 16:30:43
2016-03-20 19:06:22,Audi_A6_Allroad,privat,Angebot,8499,test,kombi,2004,automatik,299,andere,150000,11,benzin,audi,nein,2016-03-20 00:00:00,0,63263,2016-04-06 01:44:31
2016-03-08 18:42:57,Audi_A6_Avant_2.8_quattro,privat,Angebot,1000,test,kombi,1999,manuell,193,a6,150000,6,benzin,audi,ja,2016-03-08 00:00:00,0,78479,2016-04-07 10:46:48
2016-03-31 18:56:33,Audi_A6_3.0_TDI_tiptronic_DPF_quattro__VOLL__ab_Juni,privat,Angebot,10500,control,limousine,2005,automatik,224,a6,150000,10,diesel,audi,nein,2016-03-31 00:00:00,0,48282,2016-04-06 13:15:38
2016-03-09 20:55:23,Audi_TT_1_8T_Cabrio_S__Line_Klimaautomatik,privat,Angebot,4500,test,cabrio,2000,manuell,180,tt,150000,6,benzin,audi,nein,2016-03-09 00:00:00,0,33332,2016-03-10 17:45:24
2016-03-08 21:44:13,Audi_A6_2.5_TDI_C4_AEL140PS_AVANT_QUATTRO_6_GANG_AHK,privat,Angebot,8500,control,kombi,1996,manuell,140,a6,150000,9,diesel,audi,nein,2016-03-08 00:00:00,0,22115,2016-04-06 01:45:50
2016-03-12 18:58:32,Audi_A3_1.6_Attraction,privat,Angebot,7000,test,limousine,2006,manuell,102,a3,80000,12,benzin,audi,nein,2016-03-12 00:00:00,0,20537,2016-03-15 06:17:57
2016-04-02 13:37:20,Audi_A4_Avant_2.0_TDI_Ambition__XenonPlus_Navigation,privat,Angebot,16900,test,kombi,2010,manuell,143,a4,100000,8,diesel,audi,nein,2016-04-02 00:00:00,0,46282,2016-04-02 13:37:20
2016-03-10 07:56:30,Audi_a3!!!!!,privat,Angebot,1500,control,,2016,manuell,101,a3,150000,4,benzin,audi,,2016-03-10 00:00:00,0,45326,2016-03-26 16:18:50
2016-03-09 04:36:18,***Letzter_Preis!_Audi_A3_1.8T_Quattro!__Seltene_Farbe!***,privat,Angebot,2500,control,,2005,manuell,185,a3,150000,3,benzin,audi,nein,2016-03-09 00:00:00,0,78126,2016-03-24 16:47:09
2016-03-30 13:38:08,Audi_A6_Avant_2.7_T_quattro_ABT_gechipt,privat,Angebot,4490,test,kombi,2003,manuell,290,a6,150000,4,benzin,audi,nein,2016-03-30 00:00:00,0,74589,2016-04-07 04:15:33
2016-03-11 16:44:49,Audi_A3_1.6_Attraction_Sportback,privat,Angebot,10450,test,limousine,2009,manuell,102,a3,50000,2,benzin,audi,nein,2016-03-11 00:00:00,0,14943,2016-04-05 14:18:35
2016-03-10 19:55:08,Audi_A4_2.0_B6_TÜV_Neu_!!!,privat,Angebot,3390,control,limousine,2001,manuell,131,a4,150000,2,benzin,audi,nein,2016-03-10 00:00:00,0,38259,2016-03-31 11:17:38
"2016-03-09 18:25:16,Audi_TTS_Coupe__""TOP_ZUSTAND""___TÜV/AU_neu,privat,Angebot,23800,control,coupe,2008,manuell,272,tt,100000,7,benzin,audi,nein,2016-03-09 00:00:00,0,56249,2016-03-11 15:31:06"
2016-04-03 23:53:34,aus_1._Hand___ausschliesslich_Audi_Checkheft_gepflegt__Gelegenheit,privat,Angebot,4750,control,limousine,2004,manuell,140,a3,150000,6,diesel,audi,nein,2016-04-03 00:00:00,0,12559,2016-04-06 08:16:15
2016-03-27 20:37:01,Audi_80_B3__BJ_1989__1.6_l_Motor_75_PS,privat,Angebot,0,control,limousine,1989,manuell,75,80,100000,0,benzin,audi,,2016-03-27 00:00:00,0,09569,2016-03-27 20:37:01
2016-04-06 17:36:19,Audi_A5_Cabrio_3.0_TDI_quattro_S_Active_Sound_Booster,privat,Angebot,22500,control,cabrio,2009,automatik,239,a5,150000,4,diesel,audi,nein,2016-04-06 00:00:00,0,63456,2016-04-06 17:36:19
2016-03-12 18:06:35,Audi_A3_1_6L_mit_101PS_TÜV/AU_NEU_Sportauspuff_Alus__Dezent*Sport,privat,Angebot,1890,test,kleinwagen,1997,manuell,101,a3,150000,7,benzin,audi,nein,2016-03-12 00:00:00,0,61169,2016-03-15 03:44:25
2016-03-10 12:53:17,Audi_80_Avant_B4_116PS_TÜV_6/16,privat,Angebot,700,test,kombi,1995,manuell,116,80,150000,3,benzin,audi,,2016-03-10 00:00:00,0,36205,2016-03-17 19:17:14
2016-03-08 15:59:03,A3_2.0_Sportback_Navi,privat,Angebot,4100,test,kleinwagen,2007,,0,a3,150000,6,diesel,audi,,2016-03-08 00:00:00,0,51065,2016-03-08 15:59:03
2016-03-17 22:50:50,Audi_A6_2.0_TDI_2xS_Line/Exterieur/PANO/LUFT/20ZOLL,privat,Angebot,33900,test,kombi,2012,automatik,177,a6,60000,12,diesel,audi,nein,2016-03-17 00:00:00,0,72764,2016-04-05 16:44:55
2016-03-21 20:49:40,Audi_A6_2.4_Limo,privat,Angebot,2250,control,limousine,1999,automatik,160,a6,5000,10,benzin,audi,nein,2016-03-21 00:00:00,0,31135,2016-03-21 20:49:40
2016-03-28 10:42:58,Audi_A6_4B_1.9_TDI_Avant_6_Gang,privat,Angebot,4500,control,kombi,2001,manuell,131,a6,150000,12,diesel,audi,ja,2016-03-28 00:00:00,0,99095,2016-04-06 11:47:05
2016-03-30 17:51:31,Audi_A1_1.2_TFSI_Attraction,privat,Angebot,15000,control,kleinwagen,2013,manuell,86,a1,50000,12,benzin,audi,nein,2016-03-30 00:00:00,0,83703,2016-04-07 08:45:48
2016-03-10 17:51:17,Audi_a5__2.0tdi_Topf_Zustand_facelift,privat,Angebot,19300,control,,2017,manuell,143,,125000,4,,audi,nein,2016-03-10 00:00:00,0,33175,2016-04-05 19:45:46
2016-03-28 18:52:14,Audi_A6_1.8,privat,Angebot,2300,control,limousine,1999,manuell,125,a6,150000,6,benzin,audi,nein,2016-03-28 00:00:00,0,38159,2016-04-01 04:16:01
2016-03-09 15:45:12,Audi_a4_s4_2_5_tdi_quattro,privat,Angebot,4000,control,,2016,automatik,179,,150000,8,,audi,,2016-03-09 00:00:00,0,41066,2016-03-10 11:17:42
2016-03-22 16:56:56,Audi_A6_Avant_2.5_TDI,privat,Angebot,3400,test,kombi,2002,automatik,155,a6,150000,2,diesel,audi,nein,2016-03-22 00:00:00,0,67732,2016-04-06 07:17:54
2016-03-17 10:48:31,Audi_A3_2.0_FSI,privat,Angebot,4950,test,limousine,2003,manuell,150,a3,150000,9,benzin,audi,nein,2016-03-17 00:00:00,0,12689,2016-03-28 08:44:22
2016-03-28 22:46:39,Audi_A3_1.4_TFSI_Sportback_Attraction,privat,Angebot,12995,control,kombi,2010,manuell,125,a3,40000,6,benzin,audi,nein,2016-03-28 00:00:00,0,09113,2016-04-07 06:16:30
2016-03-12 10:56:48,Audi_A6_Avant_4F_2.0_TDIe,privat,Angebot,11799,control,kombi,2009,manuell,136,a6,150000,10,diesel,audi,nein,2016-03-12 00:00:00,0,28870,2016-03-13 02:44:17
2016-04-02 21:53:27,Audi_S4_Avant_2.7_quattro,privat,Angebot,8500,test,kombi,2000,manuell,265,andere,150000,2,benzin,audi,nein,2016-04-02 00:00:00,0,29439,2016-04-06 23:44:51
2016-03-11 16:57:11,A4_Automatik,privat,Angebot,699,test,limousine,1996,automatik,0,a4,100000,7,benzin,audi,,2016-03-11 00:00:00,0,47839,2016-04-05 17:17:04
2016-03-24 21:00:30,Audi_A6_4.2_FSI_quattro_tiptronic_S_Line,privat,Angebot,11000,test,limousine,2006,automatik,349,a6,150000,9,benzin,audi,ja,2016-03-24 00:00:00,0,24598,2016-04-05 14:46:10
2016-03-18 16:47:50,Audi_A4_B6_8E_Schlachtfest,privat,Angebot,500,test,limousine,2001,manuell,220,,150000,8,benzin,audi,ja,2016-03-18 00:00:00,0,01774,2016-03-20 05:44:24
2016-03-06 01:56:47,Audi_A3_Sline_Sportpaket_2.0TDI_VB,privat,Angebot,5900,control,limousine,2006,manuell,140,,150000,1,diesel,audi,nein,2016-03-06 00:00:00,0,48341,2016-03-13 01:17:38
2016-04-01 10:57:00,Audi_A6_Avant_1.8_T,privat,Angebot,1499,control,kombi,1998,manuell,150,a6,150000,7,benzin,audi,nein,2016-04-01 00:00:00,0,16225,2016-04-03 07:17:35
2016-03-08 10:37:15,Audi_A3_1.4_TFSI_Sportback_Ambition,privat,Angebot,11490,test,kombi,2009,manuell,125,a3,70000,9,benzin,audi,nein,2016-03-08 00:00:00,0,70736,2016-03-10 22:44:54
2016-03-15 11:50:59,Audi_a4_b5_facelift_1.8t,privat,Angebot,2200,test,,2017,manuell,150,,150000,10,,audi,nein,2016-03-15 00:00:00,0,37218,2016-04-05 21:18:20
2016-03-20 16:50:34,Audi_A4_Avant_1.9_TDI,privat,Angebot,990,test,kombi,2001,manuell,116,a4,150000,11,diesel,audi,nein,2016-03-20 00:00:00,0,67547,2016-03-20 16:50:34
2016-03-24 14:57:35,Audi_A4_Avant_2.0_T_FSI,privat,Angebot,8199,test,kombi,2005,manuell,200,a4,150000,1,benzin,audi,nein,2016-03-24 00:00:00,0,64832,2016-04-07 06:45:20
2016-03-16 09:48:38,Audi_A4_B6_1.8T_Avant_Prinz_LPG,privat,Angebot,5999,test,,2017,manuell,190,a4,150000,12,,audi,nein,2016-03-16 00:00:00,0,76189,2016-03-25 05:44:53
2016-03-10 19:50:43,Audi_A3_1.8_T_S_Line,privat,Angebot,1699,control,limousine,2003,manuell,209,a3,150000,1,benzin,audi,ja,2016-03-10 00:00:00,0,65582,2016-03-30 14:17:15
2016-04-02 00:50:42,Audi_A4_Avant_2.0_TDI_DPF,privat,Angebot,15000,test,kombi,2009,automatik,190,a4,150000,8,diesel,audi,nein,2016-04-01 00:00:00,0,48249,2016-04-06 05:16:04
2016-04-04 18:51:02,Audi_A4_Avant_1.9_TDI,privat,Angebot,3999,test,kombi,2002,manuell,131,a4,150000,10,diesel,audi,nein,2016-04-04 00:00:00,0,18442,2016-04-04 18:51:02
2016-03-15 12:25:36,A3_S_Line_2_0_Navi_Leder,privat,Angebot,3000,test,kleinwagen,2005,,0,a3,150000,6,diesel,audi,,2016-03-15 00:00:00,0,60314,2016-03-15 12:25:36
2016-03-13 23:39:13,Audi_a4_2.0_tdi_exklusiv_Leder_panorama,privat,Angebot,14999,test,kombi,2009,manuell,0,a4,150000,1,diesel,audi,nein,2016-03-13 00:00:00,0,27755,2016-03-19 15:50:25
2016-03-05 14:14:49,Audi_A4__Grau_,privat,Angebot,5990,test,limousine,2004,manuell,102,a4,80000,3,benzin,audi,nein,2016-03-03 00:00:00,0,65199,2016-04-07 14:58:43
2016-03-31 20:50:04,Audi_80_Typ_81_zu_verkaufen,privat,Angebot,1300,test,limousine,1986,manuell,54,80,150000,1,diesel,audi,,2016-03-31 00:00:00,0,04860,2016-04-06 15:46:44
2016-03-12 19:38:19,Audi_A4_Avant_8e_B6,privat,Angebot,4500,test,kombi,2003,manuell,190,a4,150000,3,benzin,audi,nein,2016-03-12 00:00:00,0,07333,2016-03-14 12:15:49
2016-03-20 17:50:53,Audi_R8_4.2_FSI_quattro_R_tronic_/_Scheckheft_!!,privat,Angebot,49999,test,coupe,2008,automatik,420,andere,70000,5,benzin,audi,nein,2016-03-20 00:00:00,0,26382,2016-03-24 11:16:58
2016-04-04 08:56:56,Audi_a4_b5_1_9_tdi_avant,privat,Angebot,1990,control,kombi,1996,manuell,110,,150000,5,diesel,audi,nein,2016-04-04 00:00:00,0,15848,2016-04-06 10:16:45
2016-03-29 23:47:05,Verkaufe_meinen_Audi_A4_Avant,privat,Angebot,13333,control,kombi,2008,manuell,190,a4,150000,9,diesel,audi,nein,2016-03-29 00:00:00,0,50259,2016-04-06 13:16:54
2016-04-02 15:36:19,Audi_A4_Limo_Bj.2000_TÜV_5/2017_Klima,privat,Angebot,700,control,limousine,2000,manuell,74,a4,150000,6,benzin,audi,ja,2016-04-02 00:00:00,0,44265,2016-04-02 15:36:19
2016-03-08 13:36:22,Audi_A4_2.5_Tdi_V6__Avant_Bj.2002___tiefer__17zollAlu_Leder.,privat,Angebot,2600,control,kombi,2002,manuell,155,a4,150000,1,diesel,audi,nein,2016-03-08 00:00:00,0,79312,2016-03-15 12:44:40
2016-03-21 05:36:25,Audi_A4_2_0_tdi,privat,Angebot,4000,test,kombi,2006,automatik,140,a4,150000,8,,audi,nein,2016-03-21 00:00:00,0,15236,2016-04-06 01:49:25
2016-03-12 16:43:55,Audi_A6_Avant_1.8_T,privat,Angebot,5990,control,kombi,2003,manuell,150,a6,150000,7,benzin,audi,nein,2016-03-12 00:00:00,0,48336,2016-03-19 18:47:10
2016-03-22 15:57:44,Audi_A3_1.6_Ambiente,privat,Angebot,3500,control,limousine,2002,manuell,102,a3,150000,8,benzin,audi,nein,2016-03-22 00:00:00,0,53639,2016-04-06 06:45:01
2016-04-01 21:45:09,Audi_A3_TDI_Sportsback_Quattro,privat,Angebot,6700,test,kombi,2006,manuell,140,a3,150000,4,diesel,audi,nein,2016-04-01 00:00:00,0,31234,2016-04-05 19:17:11
2016-04-04 20:52:18,Audi_A4_cabriolet_2_4l__170_PS,privat,Angebot,8990,control,cabrio,2003,manuell,170,andere,150000,3,benzin,audi,nein,2016-04-04 00:00:00,0,94234,2016-04-06 23:17:58
2016-03-22 22:38:03,Audi_A4_Avant_2.0_TDI_DPF_Ambiente,privat,Angebot,10900,control,kombi,2008,manuell,143,a4,150000,7,diesel,audi,nein,2016-03-22 00:00:00,0,76133,2016-04-07 00:45:54
2016-03-17 01:53:57,Audi_A6_Avant_2.7_TDI_DPF_multitronic_S_Line,privat,Angebot,10350,test,kombi,2007,automatik,179,a6,150000,6,diesel,audi,nein,2016-03-16 00:00:00,0,57482,2016-03-17 07:47:46
2016-03-23 10:49:23,Audi_A4_2.0_1_Hand,privat,Angebot,3600,control,limousine,2001,manuell,131,a4,125000,9,benzin,audi,nein,2016-03-23 00:00:00,0,45701,2016-03-23 10:49:23
2016-04-05 11:56:36,Audi_A4_1.8_T_Limousine_TÜV_01/2018,privat,Angebot,1500,test,limousine,1997,manuell,150,a4,150000,2,benzin,audi,nein,2016-04-05 00:00:00,0,91481,2016-04-05 12:41:33
2016-03-18 08:37:21,Audi_A6_2.6l_c4_avant_Vollleder_/_tausch,privat,Angebot,0,test,kombi,1996,manuell,150,a6,150000,7,,audi,nein,2016-03-18 00:00:00,0,12524,2016-04-05 22:15:42
2016-04-04 20:54:23,Audi_A4_1.9_TDI,privat,Angebot,3000,control,limousine,2000,automatik,116,a4,150000,7,diesel,audi,nein,2016-04-04 00:00:00,0,18059,2016-04-06 23:18:05
2016-04-02 10:42:00,Audi_A4_Avant_1.8_TFSI,privat,Angebot,13999,test,kombi,2010,manuell,160,a4,150000,5,benzin,audi,nein,2016-04-02 00:00:00,0,78315,2016-04-06 08:15:36
2016-03-25 12:42:31,Audi_A1_1.6_TDI_Ambition___Sportsitze__Tempomat,privat,Angebot,14990,test,kleinwagen,2014,manuell,90,a1,20000,4,diesel,audi,nein,2016-03-25 00:00:00,0,74821,2016-03-28 11:44:48
2016-03-14 13:55:37,A4_2.0_TDI_DPF_S_Line,privat,Angebot,3600,test,limousine,2007,,0,a4,150000,11,diesel,audi,nein,2016-03-14 00:00:00,0,18551,2016-03-14 13:55:37
2016-03-22 04:36:35,Audi__Q3,privat,Angebot,29500,test,suv,2014,manuell,140,q3,30000,10,diesel,audi,nein,2016-03-22 00:00:00,0,86633,2016-04-05 18:18:18
2016-03-21 00:59:02,Audi_Q7_3.0_TDI_DPF_Automatik_Quattro_S_Line,privat,Angebot,16500,test,,2016,automatik,233,q7,150000,12,,audi,nein,2016-03-20 00:00:00,0,90408,2016-03-31 05:46:37
2016-03-23 05:36:34,Audi_Cabrio_2_6_V6_ohne_TÜV,privat,Angebot,3500,test,cabrio,2000,manuell,150,80,150000,5,benzin,audi,nein,2016-03-23 00:00:00,0,19399,2016-04-07 04:46:24
"2016-03-29 19:47:52,Volkswagen_Golf_2.0_GTI_""Xenon_DDC_Dynaudio_18_Zoll.,privat,Angebot,13900,control,limousine,2011,manuell,211,golf,125000,6,benzin,volkswagen,nein,2016-03-29 00:00:00,0,67308,2016-03-31 13:18:18"
2016-03-28 14:53:14,Audi_80_TÜV_bis_2017,privat,Angebot,1150,test,,2017,manuell,115,80,150000,5,benzin,audi,,2016-03-28 00:00:00,0,54296,2016-04-06 19:16:27
2016-03-28 17:43:57,Audi_A3_8P_S_line_Edition,privat,Angebot,16500,test,limousine,2009,manuell,170,a3,90000,3,diesel,audi,nein,2016-03-28 00:00:00,0,31061,2016-04-06 23:15:58
2016-03-17 19:46:30,Audi_80_2.0_E,privat,Angebot,550,control,limousine,1989,manuell,113,80,150000,6,benzin,audi,ja,2016-03-17 00:00:00,0,34266,2016-03-26 00:18:03
2016-04-02 15:37:54,Audi_S3_8L_250_PS_Bj.04,privat,Angebot,4199,control,kleinwagen,2004,manuell,250,andere,150000,9,benzin,audi,nein,2016-04-02 00:00:00,0,06567,2016-04-04 13:15:22
